{
  "algebra_self_check": {
    "data": {
      "lambda_max_abs_error": 0.0,
      "matching_rmse": 0.0,
      "p1_shared_control_max_abs_error": 0.0
    },
    "efs": {
      "center_force_norm": 9.321907481344796e-16,
      "field_max_abs_error": 2.220446049250313e-16,
      "gradient_directional_error": 2.0229817820904827e-10,
      "sparse_history_max_abs_error": 0.0
    },
    "evaluation": {
      "identical_plane_kl": 0.0
    }
  },
  "arrival_error": [
    0.4227179286279077,
    0.31544859063109676,
    0.2606495484433348,
    0.27355118151690466
  ],
  "beta": 0.1,
  "created_utc": "2026-07-20T22:55:24.077234+00:00",
  "cross_frame_rmse": [
    0.5583324160556862,
    0.3108313950011048,
    0.4879929302009146,
    0.2709356451236074
  ],
  "data_model": "independent_chaotic_particles_v1",
  "data_scale": 1.0,
  "dimension": 4,
  "epsilon": 0.01,
  "exponent_s": 3.0,
  "forward_steps_requested": 2000,
  "gamma": 0.001,
  "generation_forward_seconds": 1689.2915904999973,
  "generation_frame": "pass-2 terminal plane du with target absent",
  "generation_smoke": {
    "initial": {
      "angular_moment_error": 0.10243366844580792,
      "angular_resultant": 0.06696976753944175,
      "covariance_ratio": 0.6399871994943509,
      "expected_radius_cv": 0.20412414523193154,
      "finite": true,
      "fitted_ball_radius": 2.4089348132799686,
      "mean_pair_distance": 2.5517613000915165,
      "mean_radius": 1.800719027877184,
      "radial_cdf_gap": 0.22793478570261494,
      "radial_overflow": 0.155517578125,
      "radial_zone_0": 0.258056640625,
      "radial_zone_1": 0.10791015625,
      "radial_zone_2": 0.12646484375,
      "radial_zone_3": 0.134033203125,
      "radial_zone_4": 0.085205078125,
      "radial_zone_5": 0.046875,
      "radial_zone_6": 0.029296875,
      "radial_zone_7": 0.021728515625,
      "radial_zone_8": 0.018310546875,
      "radial_zone_9": 0.0166015625,
      "radius_cv": 0.43940045327159255,
      "radius_q05": 0.27074871706915415,
      "radius_q25": 0.5522510846330198,
      "radius_q50": 0.7424928879360286,
      "radius_q75": 0.8744651408645616,
      "radius_q95": 1.3433623207451773,
      "radius_ratio": 1.0,
      "rms_radius": 1.9668870387208646
    },
    "terminal": {
      "angular_moment_error": 0.009513728457574144,
      "angular_resultant": 0.00018786605885060228,
      "covariance_ratio": 0.9313517614022425,
      "expected_radius_cv": 0.20412414523193154,
      "finite": true,
      "fitted_ball_radius": 1.0747306825327287,
      "mean_pair_distance": 1.1855467348471331,
      "mean_radius": 0.8574126063720761,
      "radial_cdf_gap": 0.04042726255075213,
      "radial_overflow": 0.039794921875,
      "radial_zone_0": 0.116455078125,
      "radial_zone_1": 0.10400390625,
      "radial_zone_2": 0.096923828125,
      "radial_zone_3": 0.09619140625,
      "radial_zone_4": 0.09033203125,
      "radial_zone_5": 0.076416015625,
      "radial_zone_6": 0.080078125,
      "radial_zone_7": 0.113037109375,
      "radial_zone_8": 0.116455078125,
      "radial_zone_9": 0.0703125,
      "radius_cv": 0.21780256153227823,
      "radius_q05": 0.4583550177521156,
      "radius_q25": 0.6932438090726758,
      "radius_q50": 0.839180829681007,
      "radius_q75": 0.9398687620255297,
      "radius_q95": 0.9946866587193475,
      "radius_ratio": 0.44614353057955597,
      "rms_radius": 0.8775139277060944
    }
  },
  "generation_smoke_failure_reasons": [],
  "generation_smoke_passed": true,
  "generation_source_count": 512,
  "generation_terminal_rmse": [
    0.5565972685827155,
    0.5228776283954641,
    0.4847974217803562,
    0.37400072144137053
  ],
  "initial_candidate_rmse": [
    0.283523527985415,
    0.3108313950011048,
    0.17631065596573547,
    0.2709356451236074
  ],
  "lambda_fit_rmse": [
    0.28352352798541497,
    0.5236131816525866,
    0.17631065596573547,
    0.37727687123270764
  ],
  "lambda_iterations": 1000,
  "lambda_methods": [
    "shared_d1",
    "shared_du",
    "per_particle_d1",
    "per_particle_du"
  ],
  "lambda_sum_max_abs_error": 0.0,
  "loaded_parameter_config": {
    "beta": 0.1,
    "created_utc": "2026-07-17T20:07:10.212439+00:00",
    "data_model": "independent_chaotic_particles_v1",
    "epsilon": 0.01,
    "exponent_s": 3.0,
    "forward_id": "eps0.01_s3_g0.001_tau2",
    "forward_steps": 2000,
    "gamma": 0.001,
    "geometry_quality": "close to uniform",
    "max_replay_residual": 3.1581149886366156e-06,
    "minimum_covariance_ratio": 0.8208855241388922,
    "particles_per_source": 10,
    "proximal_steps": 50,
    "quick": false,
    "radius_ratio_max": 0.4529687649363836,
    "radius_ratio_min": 0.4401637521754117,
    "schema_version": 1,
    "search_directory": "E:\\Desktop\\AnewOmni\\4.5hypothesis\\results\\one_plane_search_20260717T183527_965392Z",
    "selected_by": "single-plane search.py",
    "selection_rule": "forward uniformity first; replay must pass maximum relative RMSE <= 0.10",
    "transport_time": 2.0,
    "uniformity_score": 0.061967944471633674,
    "vertex_particle_max_relative_rmse": 0.0016510179781244602,
    "vertex_particle_p95_relative_rmse": 0.0015410516052210732,
    "worst_angular_moment_error": 0.02340884877698828,
    "worst_angular_resultant": 0.00044784310403551833,
    "worst_radial_cdf_gap": 0.03811125259060988,
    "worst_radial_zone_rmse": 0.019449830293282767
  },
  "loaded_parameter_config_path": "E:\\Desktop\\AnewOmni\\4.5hypothesis\\experiments\\10_lambda_frame_particle_sweep\\best_config.json",
  "log_every": 25,
  "mean_pass1_to_pass2_kl": 0.00030760629290945806,
  "mean_pass2_to_pass1_kl": 0.0003079167502420255,
  "mean_retained_terminal_displacement": 0.002847965868404031,
  "method_fit_summary": {
    "per_particle_d1": {
      "arrival_rmse": 0.2606495484433348,
      "cross_frame_rmse": 0.4879929302009146,
      "fit_frame": "d1",
      "generation_terminal_rmse": 0.4847974217803562,
      "initial_candidate_rmse": 0.17631065596573547,
      "lambda_fit_rmse": 0.17631065596573547,
      "reference_terminal_rmse": 0.4879929302009146,
      "terminal_to_arrival_amplification": 0.5376463172723421
    },
    "per_particle_du": {
      "arrival_rmse": 0.27355118151690466,
      "cross_frame_rmse": 0.2709356451236074,
      "fit_frame": "du",
      "generation_terminal_rmse": 0.37400072144137053,
      "initial_candidate_rmse": 0.2709356451236074,
      "lambda_fit_rmse": 0.37727687123270764,
      "reference_terminal_rmse": 0.37727687123270764,
      "terminal_to_arrival_amplification": 0.7314188605376457
    },
    "shared_d1": {
      "arrival_rmse": 0.4227179286279077,
      "cross_frame_rmse": 0.5583324160556862,
      "fit_frame": "d1",
      "generation_terminal_rmse": 0.5565972685827155,
      "initial_candidate_rmse": 0.283523527985415,
      "lambda_fit_rmse": 0.28352352798541497,
      "reference_terminal_rmse": 0.5583324160556862,
      "terminal_to_arrival_amplification": 0.7594682052685781
    },
    "shared_du": {
      "arrival_rmse": 0.31544859063109676,
      "cross_frame_rmse": 0.3108313950011048,
      "fit_frame": "du",
      "generation_terminal_rmse": 0.5228776283954641,
      "initial_candidate_rmse": 0.3108313950011048,
      "lambda_fit_rmse": 0.5236131816525866,
      "reference_terminal_rmse": 0.5236131816525866,
      "terminal_to_arrival_amplification": 0.6032933395890403
    }
  },
  "method_summary": {
    "per_particle_d1": {
      "beats_direct_count": 0,
      "beats_parent_count": 1,
      "maximum_efs_direct_ratio": 1.4526310659354662,
      "median_direct_relative_distance": 0.24047878403289244,
      "median_direct_set_rmse": 0.17631065596573547,
      "median_efs_direct_ratio": 1.4526310659354662,
      "median_generated_relative_distance": 0.3493269523845653,
      "median_generated_set_rmse": 0.2606495484433348,
      "median_relation_rmse": 0.26232532815223053,
      "p90_efs_direct_ratio": 1.4526310659354662,
      "status": "no consistent target improvement",
      "targets": 1
    },