{
  "actual_forward_steps": 2000,
  "backward_seconds": 4076.535742399996,
  "beta": 0.1,
  "center_std": 2.0,
  "classification": {
    "eligible_trials": 16,
    "independent_median_clean_relative_rmse": 0.44910009341846063,
    "independent_median_clean_rmse": 1.000036428904567,
    "shared_median_clean_relative_rmse": 0.16333123134393474,
    "shared_median_clean_rmse": 0.3636988362181891,
    "shared_wins": 16,
    "status": "mixed"
  },
  "created_utc": "2026-07-17T01:10:48.570263+00:00",
  "dimension": 4,
  "epsilon": 0.03,
  "exponent_s": 3.0,
  "exponent_s_actual": 3.0,
  "forward_failure_reason": "",
  "forward_finite": true,
  "forward_seconds": 341.44214649999776,
  "forward_smoke_passed": true,
  "forward_smoke_reasons": [],
  "forward_steps": 2000,
  "gamma": 0.001,
  "layout": "single",
  "log_every": 0,
  "noise_std": 0.05,
  "operator_lambda_values": null,
  "output_root": "E:\\Desktop\\AnewOmni\\4.5hypothesis\\results\\h45_search_20260716T225729_891589Z\\final_runs",
  "particle_scale": 1.0,
  "particles_per_source": 8,
  "plane_particles": 2048,
  "proximal_steps": 100,
  "seed": 103,
  "selected_sources": 4,
  "shared_lambda": null,
  "smoke_metrics": {
    "initial": [
      {
        "angular_moment_error": 0.0744486496668571,
        "angular_resultant": 0.017986531818449683,
        "covariance_ratio": 0.5998462206659401,
        "expected_radius_cv": 0.20412414523193154,
        "finite": true,
        "mean_pair_distance": 5.906247458218969,
        "plane": 0,
        "radial_cdf_gap": 0.19181733547963653,
        "radial_overflow": 0.19189453125,
        "radial_zone_0": 0.2421875,
        "radial_zone_1": 0.14404296875,
        "radial_zone_2": 0.09765625,
        "radial_zone_3": 0.07568359375,
        "radial_zone_4": 0.05517578125,
        "radial_zone_5": 0.05224609375,
        "radial_zone_6": 0.04296875,
        "radial_zone_7": 0.0390625,
        "radial_zone_8": 0.02685546875,
        "radial_zone_9": 0.0322265625,
        "radius_cv": 0.3573279573967197,
        "radius_mean": 4.185099049259133,
        "radius_q05_normalized": 0.3603743511683275,
        "radius_q25_normalized": 0.5680988186747986,
        "radius_q50_normalized": 0.752729522941124,
        "radius_q75_normalized": 0.947593780657538,
        "radius_q95_normalized": 1.2587313426789015,
        "radius_ratio": 1.0,
        "rms_radius": 4.444258477249022,
        "uniform_ball_radius": 5.443082777149333
      }
    ],
    "terminal": [
      {
        "angular_moment_error": 0.03806244082039688,
        "angular_resultant": 0.0026713601817288076,
        "covariance_ratio": 0.7515592913696284,
        "expected_radius_cv": 0.20412414523193154,
        "finite": true,
        "mean_pair_distance": 1.1892542002673732,
        "plane": 0,
        "radial_cdf_gap": 0.10693359375,
        "radial_overflow": 0.107421875,
        "radial_zone_0": 0.11865234375,
        "radial_zone_1": 0.11328125,
        "radial_zone_2": 0.10693359375,
        "radial_zone_3": 0.09912109375,
        "radial_zone_4": 0.1015625,
        "radial_zone_5": 0.10107421875,
        "radial_zone_6": 0.078125,
        "radial_zone_7": 0.072265625,
        "radial_zone_8": 0.0625,
        "radial_zone_9": 0.0390625,
        "radius_cv": 0.23272902414584415,
        "radius_mean": 0.8586244143703744,
        "radius_q05_normalized": 0.45509025677942994,
        "radius_q25_normalized": 0.6822842244045312,
        "radius_q50_normalized": 0.8254302277293328,
        "radius_q75_normalized": 0.9289922857666026,
        "radius_q95_normalized": 1.0566421533355974,
        "radius_ratio": 0.19836167488860082,
        "rms_radius": 0.8815705551849786,
        "uniform_ball_radius": 1.0796990162326383
      }
    ]
  },
  "source_count": 256,
  "status": "mixed",
  "target_failure_reason": "",
  "target_seconds": 3614.5973260999963,
  "trial_count_actual": 16,
  "trials": 16,
  "vertex_failure_reason": "",
  "vertex_particle_max_relative_rmse": 0.001811982293649219,
  "vertex_particle_median_relative_rmse": 0.001111934820638049,
  "vertex_particle_p90_relative_rmse": 0.0016738480991486523,
  "vertex_particle_p95_relative_rmse": 0.0017424303771260323,
  "vertex_passed": true,
  "vertex_seconds": 461.9384162999995,
  "vertex_source_ids": [
    255,
    87,
    177,
    212
  ],
  "vertex_source_relative_rmse": [
    0.0012834563380061798,
    0.0013854305937798545,
    0.0011127094079131828,
    0.0010430649179526753
  ],
  "vertex_sources": 4
}