{
  "algebra_self_check": {
    "data": {
      "lambda_max_abs_error": 0.0,
      "matching_rmse": 0.0,
      "p1_shared_control_max_abs_error": 0.0
    },
    "efs": {
      "center_force_norm": 9.321907481344796e-16,
      "field_max_abs_error": 2.220446049250313e-16,
      "gradient_directional_error": 2.0229817820904827e-10,
      "sparse_history_max_abs_error": 0.0
    },
    "evaluation": {
      "identical_plane_kl": 0.0
    }
  },
  "arrival_error": [
    0.4213465727794577,
    0.3958136550211908,
    0.3517236815425866,
    0.3690005212173096
  ],
  "beta": 0.1,
  "created_utc": "2026-07-20T21:29:57.663595+00:00",
  "cross_frame_rmse": [
    0.5528880813761725,
    0.3959076568137371,
    0.4618091981486588,
    0.3514147733210462
  ],
  "data_model": "independent_chaotic_particles_v1",
  "data_scale": 1.0,
  "dimension": 4,
  "epsilon": 0.01,
  "exponent_s": 3.0,
  "forward_steps_requested": 2000,
  "gamma": 0.001,
  "generation_forward_seconds": 2198.578022900001,
  "generation_frame": "pass-2 terminal plane du with target absent",
  "generation_smoke": {
    "initial": {
      "angular_moment_error": 0.26161704950760595,
      "angular_resultant": 0.08124214554877465,
      "covariance_ratio": 0.20638912448104862,
      "expected_radius_cv": 0.20412414523193154,
      "finite": true,
      "fitted_ball_radius": 2.3114438743522197,
      "mean_pair_distance": 2.444748626899948,
      "mean_radius": 1.769777029691773,
      "radial_cdf_gap": 0.2766742526879546,
      "radial_overflow": 0.15169270833333334,
      "radial_zone_0": 0.2092013888888889,
      "radial_zone_1": 0.2458767361111111,
      "radial_zone_2": 0.1193576388888889,
      "radial_zone_3": 0.07118055555555555,
      "radial_zone_4": 0.050130208333333336,
      "radial_zone_5": 0.047309027777777776,
      "radial_zone_6": 0.03884548611111111,
      "radial_zone_7": 0.033637152777777776,
      "radial_zone_8": 0.014756944444444444,
      "radial_zone_9": 0.018012152777777776,
      "radius_cv": 0.370410439388357,
      "radius_q05": 0.46185749810736315,
      "radius_q25": 0.5784846927703413,
      "radius_q50": 0.6946103976938878,
      "radius_q75": 0.8862431373921223,
      "radius_q95": 1.290292861372693,
      "radius_ratio": 1.0,
      "rms_radius": 1.8872860204149238
    },
    "terminal": {
      "angular_moment_error": 0.024139368138493558,
      "angular_resultant": 0.0003364995674683439,
      "covariance_ratio": 0.8206189377957643,
      "expected_radius_cv": 0.20412414523193154,
      "finite": true,
      "fitted_ball_radius": 1.0755805217534091,
      "mean_pair_distance": 1.1863063987976064,
      "mean_radius": 0.8580179379943988,
      "radial_cdf_gap": 0.04361140416746023,
      "radial_overflow": 0.04188368055555555,
      "radial_zone_0": 0.11393229166666667,
      "radial_zone_1": 0.10698784722222222,
      "radial_zone_2": 0.09895833333333333,
      "radial_zone_3": 0.0974392361111111,
      "radial_zone_4": 0.0900607638888889,
      "radial_zone_5": 0.0744357638888889,
      "radial_zone_6": 0.07877604166666667,
      "radial_zone_7": 0.109375,
      "radial_zone_8": 0.1150173611111111,
      "radial_zone_9": 0.07313368055555555,
      "radius_cv": 0.21820947499205653,
      "radius_q05": 0.4546994017460043,
      "radius_q25": 0.6924342951842828,
      "radius_q50": 0.8375417264217004,
      "radius_q75": 0.9409367755667266,
      "radius_q95": 0.9957485754849648,
      "radius_ratio": 0.4653284181753449,
      "rms_radius": 0.8782078185241182
    }
  },
  "generation_smoke_failure_reasons": [],
  "generation_smoke_passed": true,
  "generation_source_count": 512,
  "generation_terminal_rmse": [
    0.5521002616168926,
    0.5430847095722312,
    0.4603585352241425,
    0.3711737636535081
  ],
  "initial_candidate_rmse": [
    0.3915141968148992,
    0.3959076568137371,
    0.3022394165179215,
    0.3514147733210462
  ],
  "lambda_fit_rmse": [
    0.39151419681489924,
    0.543952365858167,
    0.3022394165179215,
    0.3719514439156638
  ],
  "lambda_iterations": 1000,
  "lambda_methods": [
    "shared_d1",
    "shared_du",
    "per_particle_d1",
    "per_particle_du"
  ],
  "lambda_sum_max_abs_error": 2.220446049250313e-16,
  "loaded_parameter_config": {
    "beta": 0.1,
    "created_utc": "2026-07-17T20:07:10.212439+00:00",
    "data_model": "independent_chaotic_particles_v1",
    "epsilon": 0.01,
    "exponent_s": 3.0,
    "forward_id": "eps0.01_s3_g0.001_tau2",
    "forward_steps": 2000,
    "gamma": 0.001,
    "geometry_quality": "close to uniform",
    "max_replay_residual": 3.1581149886366156e-06,
    "minimum_covariance_ratio": 0.8208855241388922,
    "particles_per_source": 10,
    "proximal_steps": 50,
    "quick": false,
    "radius_ratio_max": 0.4529687649363836,
    "radius_ratio_min": 0.4401637521754117,
    "schema_version": 1,
    "search_directory": "E:\\Desktop\\AnewOmni\\4.5hypothesis\\results\\one_plane_search_20260717T183527_965392Z",
    "selected_by": "single-plane search.py",
    "selection_rule": "forward uniformity first; replay must pass maximum relative RMSE <= 0.10",
    "transport_time": 2.0,
    "uniformity_score": 0.061967944471633674,
    "vertex_particle_max_relative_rmse": 0.0016510179781244602,
    "vertex_particle_p95_relative_rmse": 0.0015410516052210732,
    "worst_angular_moment_error": 0.02340884877698828,
    "worst_angular_resultant": 0.00044784310403551833,
    "worst_radial_cdf_gap": 0.03811125259060988,
    "worst_radial_zone_rmse": 0.019449830293282767
  },
  "loaded_parameter_config_path": "E:\\Desktop\\AnewOmni\\4.5hypothesis\\experiments\\10_lambda_frame_particle_sweep\\best_config.json",
  "log_every": 25,
  "mean_pass1_to_pass2_kl": 0.00025590193630823646,
  "mean_pass2_to_pass1_kl": 0.0002572263162665231,
  "mean_retained_terminal_displacement": 0.002721583719818319,
  "method_fit_summary": {
    "per_particle_d1": {
      "arrival_rmse": 0.3517236815425866,
      "cross_frame_rmse": 0.4618091981486588,
      "fit_frame": "d1",
      "generation_terminal_rmse": 0.4603585352241425,
      "initial_candidate_rmse": 0.3022394165179215,
      "lambda_fit_rmse": 0.3022394165179215,
      "reference_terminal_rmse": 0.4618091981486588,
      "terminal_to_arrival_amplification": 0.7640212022382445
    },
    "per_particle_du": {
      "arrival_rmse": 0.3690005212173096,
      "cross_frame_rmse": 0.3514147733210462,
      "fit_frame": "du",
      "generation_terminal_rmse": 0.3711737636535081,
      "initial_candidate_rmse": 0.3514147733210462,
      "lambda_fit_rmse": 0.3719514439156638,
      "reference_terminal_rmse": 0.3719514439156638,
      "terminal_to_arrival_amplification": 0.9941449459821539
    },
    "shared_d1": {
      "arrival_rmse": 0.4213465727794577,
      "cross_frame_rmse": 0.5528880813761725,
      "fit_frame": "d1",
      "generation_terminal_rmse": 0.5521002616168926,
      "initial_candidate_rmse": 0.3915141968148992,
      "lambda_fit_rmse": 0.39151419681489924,
      "reference_terminal_rmse": 0.5528880813761725,
      "terminal_to_arrival_amplification": 0.7631703914529819
    },
    "shared_du": {
      "arrival_rmse": 0.3958136550211908,
      "cross_frame_rmse": 0.3959076568137371,
      "fit_frame": "du",
      "generation_terminal_rmse": 0.5430847095722312,
      "initial_candidate_rmse": 0.3959076568137371,
      "lambda_fit_rmse": 0.543952365858167,
      "reference_terminal_rmse": 0.543952365858167,
      "terminal_to_arrival_amplification": 0.7288248924057527
    }
  },
  "method_summary": {
    "per_particle_d1": {
      "beats_direct_count": 0,
      "beats_parent_count": 1,
      "maximum_efs_direct_ratio": 1.1647954524504947,
      "median_direct_relative_distance": 0.3177440420921179,
      "median_direct_set_rmse": 0.3022394165179215,
      "median_efs_direct_ratio": 1.1647954524504947,
      "median_generated_relative_distance": 0.37010681527213746,
      "median_generated_set_rmse": 0.3517236815425866,
      "median_relation_rmse": 0.5955757293192452,