{
  "algebra_self_check": {
    "data": {
      "lambda_max_abs_error": 0.0,
      "matching_rmse": 0.0,
      "p1_shared_control_max_abs_error": 0.0
    },
    "efs": {
      "center_force_norm": 9.321907481344796e-16,
      "field_max_abs_error": 2.220446049250313e-16,
      "gradient_directional_error": 2.0229817820904827e-10,
      "sparse_history_max_abs_error": 0.0
    },
    "evaluation": {
      "identical_plane_kl": 0.0
    }
  },
  "arrival_error": [
    0.1303061647623659,
    0.18295136233359596,
    0.1303061647623659,
    0.18295136233359596
  ],
  "beta": 0.1,
  "created_utc": "2026-07-20T22:28:04.969983+00:00",
  "cross_frame_rmse": [
    0.38754583387434344,
    0.11830352111766376,
    0.38754583387434344,
    0.11830352111766376
  ],
  "data_model": "independent_chaotic_particles_v1",
  "data_scale": 1.0,
  "dimension": 4,
  "epsilon": 0.01,
  "exponent_s": 3.0,
  "forward_steps_requested": 2000,
  "gamma": 0.001,
  "generation_forward_seconds": 33.86822020000545,
  "generation_frame": "pass-2 terminal plane du with target absent",
  "generation_smoke": {
    "initial": {
      "angular_moment_error": 0.27549152598759813,
      "angular_resultant": 0.03163012129878013,
      "covariance_ratio": 0.16760484216155572,
      "expected_radius_cv": 0.20412414523193154,
      "finite": true,
      "fitted_ball_radius": 2.3539264583657684,
      "mean_pair_distance": 2.4824675138324896,
      "mean_radius": 1.7750216077040872,
      "radial_cdf_gap": 0.3053313417715603,
      "radial_overflow": 0.15234375,
      "radial_zone_0": 0.251953125,
      "radial_zone_1": 0.18359375,
      "radial_zone_2": 0.146484375,
      "radial_zone_3": 0.095703125,
      "radial_zone_4": 0.068359375,
      "radial_zone_5": 0.02734375,
      "radial_zone_6": 0.029296875,
      "radial_zone_7": 0.01953125,
      "radial_zone_8": 0.01953125,
      "radial_zone_9": 0.005859375,
      "radius_cv": 0.41524792506850977,
      "radius_q05": 0.37538173068442615,
      "radius_q25": 0.5608993465175103,
      "radius_q50": 0.6967249568652331,
      "radius_q75": 0.8468215844115397,
      "radius_q95": 1.4285980947330246,
      "radius_ratio": 1.0,
      "rms_radius": 1.9219729050109613
    },
    "terminal": {
      "angular_moment_error": 0.03349054950731603,
      "angular_resultant": 0.0007758564999297894,
      "covariance_ratio": 0.7722438190678867,
      "expected_radius_cv": 0.20412414523193154,
      "finite": true,
      "fitted_ball_radius": 1.0509910363879214,
      "mean_pair_distance": 1.1616603916025994,
      "mean_radius": 0.8401504605736894,
      "radial_cdf_gap": 0.07276450662058176,
      "radial_overflow": 0.033203125,
      "radial_zone_0": 0.109375,
      "radial_zone_1": 0.111328125,
      "radial_zone_2": 0.072265625,
      "radial_zone_3": 0.078125,
      "radial_zone_4": 0.091796875,
      "radial_zone_5": 0.107421875,
      "radial_zone_6": 0.16796875,
      "radial_zone_7": 0.123046875,
      "radial_zone_8": 0.072265625,
      "radial_zone_9": 0.033203125,
      "radius_cv": 0.207990784014096,
      "radius_q05": 0.46485923949419516,
      "radius_q25": 0.7048211768222326,
      "radius_q50": 0.8586258070085009,
      "radius_q75": 0.9170751846095364,
      "radius_q95": 0.9830320649015075,
      "radius_ratio": 0.44648422751387906,
      "rms_radius": 0.8581305877964251
    }
  },
  "generation_smoke_failure_reasons": [],
  "generation_smoke_passed": true,
  "generation_source_count": 512,
  "generation_terminal_rmse": [
    0.3552292850991484,
    0.28435171236575063,
    0.3552292850991484,
    0.28435171236575063
  ],
  "initial_candidate_rmse": [
    0.07364616213757921,
    0.11830352111766376,
    0.07364616213757921,
    0.11830352111766376
  ],
  "lambda_fit_rmse": [
    0.07364616213757917,
    0.35537688695265207,
    0.07364616213757921,
    0.3553768869526521
  ],
  "lambda_iterations": 1000,
  "lambda_methods": [
    "shared_d1",
    "shared_du",
    "per_particle_d1",
    "per_particle_du"
  ],
  "lambda_sum_max_abs_error": 0.0,
  "loaded_parameter_config": {
    "beta": 0.1,
    "created_utc": "2026-07-17T20:07:10.212439+00:00",
    "data_model": "independent_chaotic_particles_v1",
    "epsilon": 0.01,
    "exponent_s": 3.0,
    "forward_id": "eps0.01_s3_g0.001_tau2",
    "forward_steps": 2000,
    "gamma": 0.001,
    "geometry_quality": "close to uniform",
    "max_replay_residual": 3.1581149886366156e-06,
    "minimum_covariance_ratio": 0.8208855241388922,
    "particles_per_source": 10,
    "proximal_steps": 50,
    "quick": false,
    "radius_ratio_max": 0.4529687649363836,
    "radius_ratio_min": 0.4401637521754117,
    "schema_version": 1,
    "search_directory": "E:\\Desktop\\AnewOmni\\4.5hypothesis\\results\\one_plane_search_20260717T183527_965392Z",
    "selected_by": "single-plane search.py",
    "selection_rule": "forward uniformity first; replay must pass maximum relative RMSE <= 0.10",
    "transport_time": 2.0,
    "uniformity_score": 0.061967944471633674,
    "vertex_particle_max_relative_rmse": 0.0016510179781244602,
    "vertex_particle_p95_relative_rmse": 0.0015410516052210732,
    "worst_angular_moment_error": 0.02340884877698828,
    "worst_angular_resultant": 0.00044784310403551833,
    "worst_radial_cdf_gap": 0.03811125259060988,
    "worst_radial_zone_rmse": 0.019449830293282767
  },
  "loaded_parameter_config_path": "E:\\Desktop\\AnewOmni\\4.5hypothesis\\experiments\\10_lambda_frame_particle_sweep\\best_config.json",
  "log_every": 25,
  "mean_pass1_to_pass2_kl": 0.005021517468076668,
  "mean_pass2_to_pass1_kl": 0.005180697860806379,
  "mean_retained_terminal_displacement": 0.004466546207997787,
  "method_fit_summary": {
    "per_particle_d1": {
      "arrival_rmse": 0.1303061647623659,
      "cross_frame_rmse": 0.38754583387434344,
      "fit_frame": "d1",
      "generation_terminal_rmse": 0.3552292850991484,
      "initial_candidate_rmse": 0.07364616213757921,
      "lambda_fit_rmse": 0.07364616213757921,
      "reference_terminal_rmse": 0.38754583387434344,
      "terminal_to_arrival_amplification": 0.36682269798222294
    },
    "per_particle_du": {
      "arrival_rmse": 0.18295136233359596,
      "cross_frame_rmse": 0.11830352111766376,
      "fit_frame": "du",
      "generation_terminal_rmse": 0.28435171236575063,
      "initial_candidate_rmse": 0.11830352111766376,
      "lambda_fit_rmse": 0.3553768869526521,
      "reference_terminal_rmse": 0.3553768869526521,
      "terminal_to_arrival_amplification": 0.6433981382122739
    },
    "shared_d1": {
      "arrival_rmse": 0.1303061647623659,
      "cross_frame_rmse": 0.38754583387434344,
      "fit_frame": "d1",
      "generation_terminal_rmse": 0.3552292850991484,
      "initial_candidate_rmse": 0.07364616213757921,
      "lambda_fit_rmse": 0.07364616213757917,
      "reference_terminal_rmse": 0.38754583387434344,
      "terminal_to_arrival_amplification": 0.36682269798222294
    },
    "shared_du": {
      "arrival_rmse": 0.18295136233359596,
      "cross_frame_rmse": 0.11830352111766376,
      "fit_frame": "du",
      "generation_terminal_rmse": 0.28435171236575063,
      "initial_candidate_rmse": 0.11830352111766376,
      "lambda_fit_rmse": 0.35537688695265207,
      "reference_terminal_rmse": 0.3553768869526521,
      "terminal_to_arrival_amplification": 0.6433981382122739
    }
  },
  "method_summary": {
    "per_particle_d1": {
      "beats_direct_count": 0,
      "beats_parent_count": 1,
      "maximum_efs_direct_ratio": 1.7656089753069697,
      "median_direct_point_distance": 0.1423665377793477,
      "median_direct_relative_distance": 0.07407312424028983,
      "median_direct_set_rmse": 0.07364616213757921,
      "median_efs_direct_ratio": 1.7656089753069697,
      "median_generated_point_distance": 0.2513636368865951,
      "median_generated_relative_distance": 0.130784172987684,
      "median_generated_set_rmse": 0.1303061647623659,
      "median_relation_rmse": 0.0,
      "p90_efs_direct_ratio": 1.7656089753069697,