{
  "algebra_self_check": {
    "data": {
      "lambda_max_abs_error": 0.0,
      "matching_rmse": 0.0,
      "p1_shared_control_max_abs_error": 0.0
    },
    "efs": {
      "center_force_norm": 9.321907481344796e-16,
      "field_max_abs_error": 2.220446049250313e-16,
      "gradient_directional_error": 2.0229817820904827e-10,
      "sparse_history_max_abs_error": 0.0
    },
    "evaluation": {
      "identical_plane_kl": 0.0
    }
  },
  "arrival_error": [
    0.868840737212509,
    0.8687799896012163,
    0.868840737212509,
    0.8687799896012163
  ],
  "beta": 0.1,
  "created_utc": "2026-07-20T11:08:51.963230+00:00",
  "cross_frame_rmse": [
    0.8338930692528496,
    0.866530531607634,
    0.8338930692528496,
    0.866530531607634
  ],
  "data_model": "independent_chaotic_particles_v1",
  "data_scale": 1.0,
  "dimension": 4,
  "epsilon": 0.01,
  "exponent_s": 3.0,
  "forward_steps_requested": 20,
  "gamma": 0.001,
  "generation_forward_seconds": 0.001811699999962002,
  "generation_frame": "pass-2 terminal plane du with target absent",
  "generation_smoke": {
    "initial": {
      "angular_moment_error": 0.23599315978923974,
      "angular_resultant": 0.1049415355571869,
      "covariance_ratio": 0.20160642187244185,
      "expected_radius_cv": 0.20412414523193154,
      "finite": true,
      "fitted_ball_radius": 2.17449627165907,
      "mean_pair_distance": 2.3397117732421604,
      "mean_radius": 1.6314508632568137,
      "radial_cdf_gap": 0.397754757209539,
      "radial_overflow": 0.25,
      "radial_zone_0": 0.25,
      "radial_zone_1": 0.3125,
      "radial_zone_2": 0.09375,
      "radial_zone_3": 0.0625,
      "radial_zone_4": 0.0,
      "radial_zone_5": 0.0,
      "radial_zone_6": 0.0,
      "radial_zone_7": 0.03125,
      "radial_zone_8": 0.0,
      "radial_zone_9": 0.0,
      "radius_cv": 0.4293536855807785,
      "radius_q05": 0.371340809200791,
      "radius_q25": 0.5535237705004794,
      "radius_q50": 0.6387640607185353,
      "radius_q75": 0.9485220067887759,
      "radius_q95": 1.3103009463482505,
      "radius_ratio": 1.0,
      "rms_radius": 1.7754687710497183
    },
    "terminal": {
      "angular_moment_error": 0.23222073689199388,
      "angular_resultant": 0.10293325452408321,
      "covariance_ratio": 0.20378901455514287,
      "expected_radius_cv": 0.20412414523193154,
      "finite": true,
      "fitted_ball_radius": 2.134461237831763,
      "mean_pair_distance": 2.2991890943536455,
      "mean_radius": 1.602834174370501,
      "radial_cdf_gap": 0.3983433064544779,
      "radial_overflow": 0.25,
      "radial_zone_0": 0.25,
      "radial_zone_1": 0.3125,
      "radial_zone_2": 0.09375,
      "radial_zone_3": 0.0625,
      "radial_zone_4": 0.0,
      "radial_zone_5": 0.0,
      "radial_zone_6": 0.03125,
      "radial_zone_7": 0.0,
      "radial_zone_8": 0.0,
      "radial_zone_9": 0.0,
      "radius_cv": 0.42690358120181937,
      "radius_q05": 0.3696005342156211,
      "radius_q25": 0.5563328317328594,
      "radius_q50": 0.6436556261560288,
      "radius_q75": 0.9392477292573154,
      "radius_q95": 1.3081359205202,
      "radius_ratio": 0.9815888238811458,
      "rms_radius": 1.7427803028123963
    }
  },
  "generation_smoke_failure_reasons": [],
  "generation_smoke_passed": true,
  "generation_source_count": 32,
  "generation_terminal_rmse": [
    0.8345666519914297,
    0.8337749647100583,
    0.8345666519914297,
    0.8337749647100583
  ],
  "initial_candidate_rmse": [
    0.865784517709991,
    0.866530531607634,
    0.865784517709991,
    0.866530531607634
  ],
  "lambda_fit_rmse": [
    0.865784517709991,
    0.8331046502124555,
    0.865784517709991,
    0.8331046502124555
  ],
  "lambda_iterations": 200,
  "lambda_methods": [
    "shared_d1",
    "shared_du",
    "per_particle_d1",
    "per_particle_du"
  ],
  "lambda_sum_max_abs_error": 0.0,
  "loaded_parameter_config": {
    "beta": 0.1,
    "created_utc": "2026-07-17T20:07:10.212439+00:00",
    "data_model": "independent_chaotic_particles_v1",
    "epsilon": 0.01,
    "exponent_s": 3.0,
    "forward_id": "eps0.01_s3_g0.001_tau2",
    "forward_steps": 2000,
    "gamma": 0.001,
    "geometry_quality": "close to uniform",
    "max_replay_residual": 3.1581149886366156e-06,
    "minimum_covariance_ratio": 0.8208855241388922,
    "particles_per_source": 10,
    "proximal_steps": 50,
    "quick": false,
    "radius_ratio_max": 0.4529687649363836,
    "radius_ratio_min": 0.4401637521754117,
    "schema_version": 1,
    "search_directory": "E:\\Desktop\\AnewOmni\\4.5hypothesis\\results\\one_plane_search_20260717T183527_965392Z",
    "selected_by": "single-plane search.py",
    "selection_rule": "forward uniformity first; replay must pass maximum relative RMSE <= 0.10",
    "transport_time": 2.0,
    "uniformity_score": 0.061967944471633674,
    "vertex_particle_max_relative_rmse": 0.0016510179781244602,
    "vertex_particle_p95_relative_rmse": 0.0015410516052210732,
    "worst_angular_moment_error": 0.02340884877698828,
    "worst_angular_resultant": 0.00044784310403551833,
    "worst_radial_cdf_gap": 0.03811125259060988,
    "worst_radial_zone_rmse": 0.019449830293282767
  },
  "loaded_parameter_config_path": "E:\\Desktop\\AnewOmni\\4.5hypothesis\\experiments\\10_lambda_frame_particle_sweep\\best_config.json",
  "log_every": 10,
  "mean_pass1_to_pass2_kl": 0.0,
  "mean_pass2_to_pass1_kl": 0.0,
  "mean_retained_terminal_displacement": 0.0017215732008311851,
  "method_fit_summary": {
    "per_particle_d1": {
      "arrival_rmse": 0.868840737212509,
      "cross_frame_rmse": 0.8338930692528496,
      "fit_frame": "d1",
      "generation_terminal_rmse": 0.8345666519914297,
      "initial_candidate_rmse": 0.865784517709991,
      "lambda_fit_rmse": 0.865784517709991,
      "reference_terminal_rmse": 0.8338930692528496,
      "terminal_to_arrival_amplification": 1.0410681221677083
    },
    "per_particle_du": {
      "arrival_rmse": 0.8687799896012163,
      "cross_frame_rmse": 0.866530531607634,
      "fit_frame": "du",
      "generation_terminal_rmse": 0.8337749647100583,
      "initial_candidate_rmse": 0.866530531607634,
      "lambda_fit_rmse": 0.8331046502124555,
      "reference_terminal_rmse": 0.8331046502124555,
      "terminal_to_arrival_amplification": 1.0419837802437866
    },
    "shared_d1": {
      "arrival_rmse": 0.868840737212509,
      "cross_frame_rmse": 0.8338930692528496,
      "fit_frame": "d1",
      "generation_terminal_rmse": 0.8345666519914297,
      "initial_candidate_rmse": 0.865784517709991,
      "lambda_fit_rmse": 0.865784517709991,
      "reference_terminal_rmse": 0.8338930692528496,
      "terminal_to_arrival_amplification": 1.0410681221677083
    },
    "shared_du": {
      "arrival_rmse": 0.8687799896012163,
      "cross_frame_rmse": 0.866530531607634,
      "fit_frame": "du",
      "generation_terminal_rmse": 0.8337749647100583,
      "initial_candidate_rmse": 0.866530531607634,
      "lambda_fit_rmse": 0.8331046502124555,
      "reference_terminal_rmse": 0.8331046502124555,
      "terminal_to_arrival_amplification": 1.0419837802437866
    }
  },
  "method_summary": {
    "per_particle_d1": {
      "beats_direct_count": 0,
      "beats_parent_count": 0,
      "maximum_efs_direct_ratio": 1.0019051110520896,
      "median_direct_point_distance": 1.5511824430689574,
      "median_direct_relative_distance": 0.8736748673714181,
      "median_direct_set_rmse": 0.865784517709991,
      "median_efs_direct_ratio": 1.0019051110520896,
      "median_generated_point_distance": 1.5541376178850554,
      "median_generated_relative_distance": 0.8753393150171803,
      "median_generated_set_rmse": 0.868840737212509,
      "median_relation_rmse": 0.0,
      "p90_efs_direct_ratio": 1.0019051110520896,
      "status": "no consistent target improvement",
      "targets": 1
    },
    "per_particle_du": {
      "beats_direct_count": 0,
      "beats_parent_count": 0,
      "maximum_efs_direct_ratio": 1.0019879025242382,