{
  "backward_seconds": 179.06393939999998,
  "beta": 0.05,
  "bond_threshold_training_95": 0.060313196224595245,
  "candidates": 9,
  "coherence_threshold_training_95": 0.04355802771717429,
  "created_utc": "2026-07-16T15:23:38.693394+00:00",
  "curve_amplitude": 0.35,
  "epsilon": 0.01,
  "exponent_s": 0.0,
  "forward_seconds": 1.677577499999643,
  "forward_steps": 5000,
  "gamma": 0.0005,
  "noise_std": 0.03,
  "output_root": "e:/Desktop/AnewOmni/4.5hypothesis/results",
  "particles": 64,
  "proximal_steps": 100,
  "seed": 42,
  "slot_spacing": 1.0,
  "slots": 4,
  "source_a_id": 16,
  "source_a_state": -0.7505334344718357,
  "source_b_id": 40,
  "source_b_state": 0.7321958129698185,
  "source_high": 0.75,
  "source_low": -0.75,
  "training_rms_scale": 0.8017381973778428
}