{
  "actual_forward_steps": 2000,
  "backward_seconds": 4571.716449600004,
  "beta": 0.1,
  "center_std": 2.0,
  "classification": {
    "eligible_trials": 16,
    "independent_median_clean_relative_rmse": 0.46969749065000943,
    "independent_median_clean_rmse": 1.0350442290082884,
    "shared_median_clean_relative_rmse": 0.1685270948087843,
    "shared_median_clean_rmse": 0.37137306539996384,
    "shared_wins": 16,
    "status": "mixed"
  },
  "created_utc": "2026-07-17T00:30:24.096282+00:00",
  "dimension": 4,
  "epsilon": 0.03,
  "exponent_s": 3.0,
  "exponent_s_actual": 3.0,
  "forward_failure_reason": "",
  "forward_finite": true,
  "forward_seconds": 381.8596140000009,
  "forward_smoke_passed": true,
  "forward_smoke_reasons": [],
  "forward_steps": 2000,
  "gamma": 0.001,
  "layout": "single",
  "log_every": 0,
  "noise_std": 0.05,
  "operator_lambda_values": null,
  "output_root": "E:\\Desktop\\AnewOmni\\4.5hypothesis\\results\\h45_search_20260716T225729_891589Z\\final_runs",
  "particle_scale": 1.0,
  "particles_per_source": 8,
  "plane_particles": 2048,
  "proximal_steps": 100,
  "seed": 101,
  "selected_sources": 4,
  "shared_lambda": null,
  "smoke_metrics": {
    "initial": [
      {
        "angular_moment_error": 0.05544516383001329,
        "angular_resultant": 0.020724865199900508,
        "covariance_ratio": 0.7273853649329982,
        "expected_radius_cv": 0.20412414523193154,
        "finite": true,
        "mean_pair_distance": 5.851716290368988,
        "plane": 0,
        "radial_cdf_gap": 0.1875,
        "radial_overflow": 0.18798828125,
        "radial_zone_0": 0.22900390625,
        "radial_zone_1": 0.13427734375,
        "radial_zone_2": 0.10791015625,
        "radial_zone_3": 0.091796875,
        "radial_zone_4": 0.0712890625,
        "radial_zone_5": 0.06005859375,
        "radial_zone_6": 0.0400390625,
        "radial_zone_7": 0.03173828125,
        "radial_zone_8": 0.02587890625,
        "radial_zone_9": 0.02001953125,
        "radius_cv": 0.35528417781484944,
        "radius_mean": 4.145819307414131,
        "radius_q05_normalized": 0.34413029986521165,
        "radius_q25_normalized": 0.5794610555346574,
        "radius_q50_normalized": 0.7547616328334477,
        "radius_q75_normalized": 0.9294098623681675,
        "radius_q95_normalized": 1.2836889600734638,
        "radius_ratio": 1.0,
        "rms_radius": 4.39970246365113,
        "uniform_ball_radius": 5.388513028005661
      }
    ],
    "terminal": [
      {
        "angular_moment_error": 0.024998408263676972,
        "angular_resultant": 0.0029137446123076475,
        "covariance_ratio": 0.8360775263971845,
        "expected_radius_cv": 0.20412414523193154,
        "finite": true,
        "mean_pair_distance": 1.1873034556957043,
        "plane": 0,
        "radial_cdf_gap": 0.11083984375,
        "radial_overflow": 0.111328125,
        "radial_zone_0": 0.1181640625,
        "radial_zone_1": 0.107421875,
        "radial_zone_2": 0.11083984375,
        "radial_zone_3": 0.09716796875,
        "radial_zone_4": 0.1083984375,
        "radial_zone_5": 0.095703125,
        "radial_zone_6": 0.08740234375,
        "radial_zone_7": 0.07275390625,
        "radial_zone_8": 0.0537109375,
        "radial_zone_9": 0.037109375,
        "radius_cv": 0.23115981553578202,
        "radius_mean": 0.8572353107866691,
        "radius_q05_normalized": 0.44852664737085407,
        "radius_q25_normalized": 0.6835532069530268,
        "radius_q50_normalized": 0.8240387867109671,
        "radius_q75_normalized": 0.9244464399855304,
        "radius_q95_normalized": 1.0570773857113782,
        "radius_ratio": 0.19997724788751628,
        "rms_radius": 0.8798403902048781,
        "uniform_ball_radius": 1.077580005546599
      }
    ]
  },
  "source_count": 256,
  "status": "mixed",
  "target_failure_reason": "",
  "target_seconds": 3902.185142100003,
  "trial_count_actual": 16,
  "trials": 16,
  "vertex_failure_reason": "",
  "vertex_particle_max_relative_rmse": 0.00215697768532173,
  "vertex_particle_median_relative_rmse": 0.0009501648990486561,
  "vertex_particle_p90_relative_rmse": 0.0019817126483768796,
  "vertex_particle_p95_relative_rmse": 0.00203899600928726,
  "vertex_passed": true,
  "vertex_seconds": 669.5313075000013,
  "vertex_source_ids": [
    40,
    150,
    138,
    112
  ],
  "vertex_source_relative_rmse": [
    0.0007831785298070561,
    0.0019356474100636779,
    0.0011568290667499756,
    0.0006372147811178311
  ],
  "vertex_sources": 4
}