{
  "backward_seconds": 332.43994340000063,
  "beta": 0.05,
  "center_std": 2.0,
  "coherence_threshold_training_95": 0.05565020600404867,
  "created_utc": "2026-07-16T17:00:19.157940+00:00",
  "dimension": 4,
  "epsilon": 0.1,
  "exponent_s": null,
  "exponent_s_actual": 2.0,
  "forward_seconds": 847.7284941999987,
  "forward_steps": 5000,
  "gamma": 0.0005,
  "independent_control_lambdas": [
    [
      0.171746929807855,
      0.02693776267593506,
      0.23713462749569975,
      0.5641806800205101
    ],
    [
      0.31594323507131294,
      0.41686960396082734,
      0.09625826587813487,
      0.17092889508972495
    ],
    [
      0.4785543406862112,
      0.13711493149881343,
      0.003807835363025477,
      0.38052289245194987
    ],
    [
      0.31300176137760766,
      0.5498082184211889,
      0.07057562051900972,
      0.06661439968219365
    ],
    [
      0.7960522661429603,
      0.026874371111244605,
      0.05122754125212419,
      0.1258458214936707
    ],
    [
      0.032613191431308294,
      0.30651153530531416,
      0.09934413205609353,
      0.561531141207284
    ],
    [
      0.11080745519587792,
      0.0952687811666976,
      0.11043277864056515,
      0.6834909849968592
    ],
    [
      0.28744772113799677,
      0.13080937142094468,
      0.12355511260078318,
      0.4581877948402752
    ]
  ],
  "log_every": 10,
  "method_labels": [
    "shared_random_reference",
    "independent_random_control"
  ],
  "noise_std": 0.05,
  "operator_lambda_values": null,
  "output_root": "results",
  "particle_scale": 1.0,
  "particles_per_source": 8,
  "plane_particles": 2048,
  "proximal_steps": 100,
  "random_shared_lambda": [
    0.11812323235298472,
    0.15463102353528363,
    0.3842653764130307,
    0.34298036769870077
  ],
  "seed": 42,
  "selected_sources": 4,
  "shape_threshold_training_95": 0.06488057270830264,
  "shared_lambda": null,
  "source_count": 256,
  "source_ids": [
    165,
    11,
    127,
    102
  ]
}