{
  "algebra_self_check": {
    "data": {
      "lambda_max_abs_error": 0.0,
      "matching_rmse": 0.0,
      "p1_shared_control_max_abs_error": 0.0
    },
    "efs": {
      "center_force_norm": 9.321907481344796e-16,
      "field_max_abs_error": 2.220446049250313e-16,
      "gradient_directional_error": 2.0229817820904827e-10,
      "sparse_history_max_abs_error": 0.0
    },
    "evaluation": {
      "identical_plane_kl": 0.0
    }
  },
  "arrival_error": [
    0.7117682337353942,
    0.676687965298181,
    0.5457591961789153,
    0.6519679298702569
  ],
  "beta": 0.1,
  "created_utc": "2026-07-20T11:43:39.060528+00:00",
  "cross_frame_rmse": [
    0.617745656162137,
    0.6631798704974623,
    0.5999914213797269,
    0.587844336977693
  ],
  "data_model": "independent_chaotic_particles_v1",
  "data_scale": 1.0,
  "dimension": 4,
  "epsilon": 0.01,
  "exponent_s": 3.0,
  "forward_steps_requested": 2000,
  "gamma": 0.001,
  "generation_forward_seconds": 1970.1086754999997,
  "generation_frame": "pass-2 terminal plane du with target absent",
  "generation_smoke": {
    "initial": {
      "angular_moment_error": 0.21746431424994578,
      "angular_resultant": 0.11741778204942191,
      "covariance_ratio": 0.27441324670515665,
      "expected_radius_cv": 0.20412414523193154,
      "finite": true,
      "fitted_ball_radius": 2.355763905765673,
      "mean_pair_distance": 2.453266657426775,
      "mean_radius": 1.7340228314239952,
      "radial_cdf_gap": 0.3076786401858542,
      "radial_overflow": 0.1986328125,
      "radial_zone_0": 0.383203125,
      "radial_zone_1": 0.116015625,
      "radial_zone_2": 0.0537109375,
      "radial_zone_3": 0.0314453125,
      "radial_zone_4": 0.035546875,
      "radial_zone_5": 0.0359375,
      "radial_zone_6": 0.04609375,
      "radial_zone_7": 0.0421875,
      "radial_zone_8": 0.0314453125,
      "radial_zone_9": 0.02578125,
      "radius_cv": 0.48004816831401714,
      "radius_q05": 0.2936447526903314,
      "radius_q25": 0.46208810276180556,
      "radius_q50": 0.6694500791482355,
      "radius_q75": 0.9513720758323742,
      "radius_q95": 1.3427830104866967,
      "radius_ratio": 1.0,
      "rms_radius": 1.923473174530618
    },
    "terminal": {
      "angular_moment_error": 0.02165059346989652,
      "angular_resultant": 0.0007353739461008251,
      "covariance_ratio": 0.8469706710375333,
      "expected_radius_cv": 0.20412414523193154,
      "finite": true,
      "fitted_ball_radius": 1.0768539571491211,
      "mean_pair_distance": 1.1876366231677216,
      "mean_radius": 0.8589154772606481,
      "radial_cdf_gap": 0.04486337096533766,
      "radial_overflow": 0.044921875,
      "radial_zone_0": 0.1158203125,
      "radial_zone_1": 0.1041015625,
      "radial_zone_2": 0.099609375,
      "radial_zone_3": 0.100390625,
      "radial_zone_4": 0.08515625,
      "radial_zone_5": 0.073046875,
      "radial_zone_6": 0.08828125,
      "radial_zone_7": 0.1109375,
      "radial_zone_8": 0.101171875,
      "radial_zone_9": 0.0765625,
      "radius_cv": 0.21886983666180146,
      "radius_q05": 0.451016889974647,
      "radius_q25": 0.6929646743831746,
      "radius_q50": 0.8381904566189979,
      "radius_q75": 0.9391187481131866,
      "radius_q95": 0.997719397890719,
      "radius_ratio": 0.4571145497702669,
      "rms_radius": 0.8792475741707494
    }
  },
  "generation_smoke_failure_reasons": [],
  "generation_smoke_passed": true,
  "generation_source_count": 512,
  "generation_terminal_rmse": [
    0.616985549511391,
    0.5462619689090031,
    0.5986434776444843,
    0.45480291122106786
  ],
  "initial_candidate_rmse": [
    0.6326266444207268,
    0.6631798704974623,
    0.48816406908563353,
    0.587844336977693
  ],
  "lambda_fit_rmse": [
    0.6326266444207268,
    0.5464209478324924,
    0.48816406908563353,
    0.45595558960894617
  ],
  "lambda_iterations": 1000,
  "lambda_methods": [
    "shared_d1",
    "shared_du",
    "per_particle_d1",
    "per_particle_du"
  ],
  "lambda_sum_max_abs_error": 0.0,
  "loaded_parameter_config": {
    "beta": 0.1,
    "created_utc": "2026-07-17T20:07:10.212439+00:00",
    "data_model": "independent_chaotic_particles_v1",
    "epsilon": 0.01,
    "exponent_s": 3.0,
    "forward_id": "eps0.01_s3_g0.001_tau2",
    "forward_steps": 2000,
    "gamma": 0.001,
    "geometry_quality": "close to uniform",
    "max_replay_residual": 3.1581149886366156e-06,
    "minimum_covariance_ratio": 0.8208855241388922,
    "particles_per_source": 10,
    "proximal_steps": 50,
    "quick": false,
    "radius_ratio_max": 0.4529687649363836,
    "radius_ratio_min": 0.4401637521754117,
    "schema_version": 1,
    "search_directory": "E:\\Desktop\\AnewOmni\\4.5hypothesis\\results\\one_plane_search_20260717T183527_965392Z",
    "selected_by": "single-plane search.py",
    "selection_rule": "forward uniformity first; replay must pass maximum relative RMSE <= 0.10",
    "transport_time": 2.0,
    "uniformity_score": 0.061967944471633674,
    "vertex_particle_max_relative_rmse": 0.0016510179781244602,
    "vertex_particle_p95_relative_rmse": 0.0015410516052210732,
    "worst_angular_moment_error": 0.02340884877698828,
    "worst_angular_resultant": 0.00044784310403551833,
    "worst_radial_cdf_gap": 0.03811125259060988,
    "worst_radial_zone_rmse": 0.019449830293282767
  },
  "loaded_parameter_config_path": "E:\\Desktop\\AnewOmni\\4.5hypothesis\\experiments\\10_lambda_frame_particle_sweep\\best_config.json",
  "log_every": 100,
  "mean_pass1_to_pass2_kl": 0.00017579774378043627,
  "mean_pass2_to_pass1_kl": 0.00017394732115423974,
  "mean_retained_terminal_displacement": 0.0025479372094778007,
  "method_fit_summary": {
    "per_particle_d1": {
      "arrival_rmse": 0.5457591961789153,
      "cross_frame_rmse": 0.5999914213797269,
      "fit_frame": "d1",
      "generation_terminal_rmse": 0.5986434776444843,
      "initial_candidate_rmse": 0.48816406908563353,
      "lambda_fit_rmse": 0.48816406908563353,
      "reference_terminal_rmse": 0.5999914213797269,
      "terminal_to_arrival_amplification": 0.9116598051420259
    },
    "per_particle_du": {
      "arrival_rmse": 0.6519679298702569,
      "cross_frame_rmse": 0.587844336977693,
      "fit_frame": "du",
      "generation_terminal_rmse": 0.45480291122106786,
      "initial_candidate_rmse": 0.587844336977693,
      "lambda_fit_rmse": 0.45595558960894617,
      "reference_terminal_rmse": 0.45595558960894617,
      "terminal_to_arrival_amplification": 1.4335174946876104
    },
    "shared_d1": {
      "arrival_rmse": 0.7117682337353942,
      "cross_frame_rmse": 0.617745656162137,
      "fit_frame": "d1",
      "generation_terminal_rmse": 0.616985549511391,
      "initial_candidate_rmse": 0.6326266444207268,
      "lambda_fit_rmse": 0.6326266444207268,
      "reference_terminal_rmse": 0.617745656162137,
      "terminal_to_arrival_amplification": 1.153622210923845
    },
    "shared_du": {
      "arrival_rmse": 0.676687965298181,
      "cross_frame_rmse": 0.6631798704974623,
      "fit_frame": "du",
      "generation_terminal_rmse": 0.5462619689090031,
      "initial_candidate_rmse": 0.6631798704974623,
      "lambda_fit_rmse": 0.5464209478324924,
      "reference_terminal_rmse": 0.5464209478324923,
      "terminal_to_arrival_amplification": 1.2387608946119115
    }
  },
  "method_summary": {
    "per_particle_d1": {
      "beats_direct_count": 0,
      "beats_parent_count": 1,
      "maximum_efs_direct_ratio": 1.1144820358472882,
      "median_direct_relative_distance": 0.4434949905322758,
      "median_direct_set_rmse": 0.48816406908563353,
      "median_efs_direct_ratio": 1.1144820358472882,
      "median_generated_relative_distance": 0.49426719993648455,
      "median_generated_set_rmse": 0.5457591961789153,
      "median_relation_rmse": 1.1369308828123776,
      "p90_efs_direct_ratio": 1.1144820358472882,
      "status": "no consistent target improvement",
      "targets": 1
    },
    "per_particle_du": {
      "beats_direct_count": 0,