{
  "algebra_self_check": {
    "data": {
      "lambda_max_abs_error": 0.0,
      "matching_rmse": 0.0,
      "p1_shared_control_max_abs_error": 0.0
    },
    "efs": {
      "center_force_norm": 9.321907481344796e-16,
      "field_max_abs_error": 2.220446049250313e-16,
      "gradient_directional_error": 2.0229817820904827e-10,
      "sparse_history_max_abs_error": 0.0
    },
    "evaluation": {
      "identical_plane_kl": 0.0
    }
  },
  "arrival_error": [
    0.43435107986203925,
    0.5697481786802602,
    0.40496923800392304,
    0.619062098544626
  ],
  "beta": 0.1,
  "created_utc": "2026-07-20T20:55:23.997902+00:00",
  "cross_frame_rmse": [
    0.6867791444764265,
    0.5221585473474092,
    0.7058176342887559,
    0.5098054063078052
  ],
  "data_model": "independent_chaotic_particles_v1",
  "data_scale": 1.0,
  "dimension": 4,
  "epsilon": 0.01,
  "exponent_s": 3.0,
  "forward_steps_requested": 2000,
  "gamma": 0.001,
  "generation_forward_seconds": 129.21517060000042,
  "generation_frame": "pass-2 terminal plane du with target absent",
  "generation_smoke": {
    "initial": {
      "angular_moment_error": 0.12864785361383255,
      "angular_resultant": 0.08084940073932453,
      "covariance_ratio": 0.5059087602499607,
      "expected_radius_cv": 0.20412414523193154,
      "finite": true,
      "fitted_ball_radius": 2.3596608913901758,
      "mean_pair_distance": 2.4967887365617325,
      "mean_radius": 1.75757591637573,
      "radial_cdf_gap": 0.22078063678748,
      "radial_overflow": 0.162109375,
      "radial_zone_0": 0.2666015625,
      "radial_zone_1": 0.095703125,
      "radial_zone_2": 0.111328125,
      "radial_zone_3": 0.1435546875,
      "radial_zone_4": 0.076171875,
      "radial_zone_5": 0.0478515625,
      "radial_zone_6": 0.033203125,
      "radial_zone_7": 0.02734375,
      "radial_zone_8": 0.01953125,
      "radial_zone_9": 0.0166015625,
      "radius_cv": 0.449059965024941,
      "radius_q05": 0.25912306476611385,
      "radius_q25": 0.5370315748171457,
      "radius_q50": 0.7485665606633313,
      "radius_q75": 0.8864176490017361,
      "radius_q95": 1.3065297698379594,
      "radius_ratio": 1.0,
      "rms_radius": 1.9266550499689488
    },
    "terminal": {
      "angular_moment_error": 0.013369111251874143,
      "angular_resultant": 0.00029259026548934293,
      "covariance_ratio": 0.8959540548308222,
      "expected_radius_cv": 0.20412414523193154,
      "finite": true,
      "fitted_ball_radius": 1.0610035992609803,
      "mean_pair_distance": 1.1716366225890666,
      "mean_radius": 0.8474688536814401,
      "radial_cdf_gap": 0.04814356862829561,
      "radial_overflow": 0.01953125,
      "radial_zone_0": 0.1083984375,
      "radial_zone_1": 0.109375,
      "radial_zone_2": 0.095703125,
      "radial_zone_3": 0.08203125,
      "radial_zone_4": 0.0673828125,
      "radial_zone_5": 0.1044921875,
      "radial_zone_6": 0.1103515625,
      "radial_zone_7": 0.140625,
      "radial_zone_8": 0.1123046875,
      "radial_zone_9": 0.0498046875,
      "radius_cv": 0.21201104750637692,
      "radius_q05": 0.46140973677350827,
      "radius_q25": 0.694157066158207,
      "radius_q50": 0.8580101215999354,
      "radius_q75": 0.932785566326851,
      "radius_q95": 0.9829637734649211,
      "radius_ratio": 0.44964240545424233,
      "rms_radius": 0.8663058111486016
    }
  },
  "generation_smoke_failure_reasons": [],
  "generation_smoke_passed": true,
  "generation_source_count": 512,
  "generation_terminal_rmse": [
    0.6840559817197868,
    0.5536502231635893,
    0.6935212361720973,
    0.538114906546069
  ],
  "initial_candidate_rmse": [
    0.463952542600428,
    0.5221585473474092,
    0.4035247490374934,
    0.5098054063078052
  ],
  "lambda_fit_rmse": [
    0.46395254260042806,
    0.5596275606789708,
    0.4035247490374934,
    0.5434304344204763
  ],
  "lambda_iterations": 1000,
  "lambda_methods": [
    "shared_d1",
    "shared_du",
    "per_particle_d1",
    "per_particle_du"
  ],
  "lambda_sum_max_abs_error": 0.0,
  "loaded_parameter_config": {
    "beta": 0.1,
    "created_utc": "2026-07-17T20:07:10.212439+00:00",
    "data_model": "independent_chaotic_particles_v1",
    "epsilon": 0.01,
    "exponent_s": 3.0,
    "forward_id": "eps0.01_s3_g0.001_tau2",
    "forward_steps": 2000,
    "gamma": 0.001,
    "geometry_quality": "close to uniform",
    "max_replay_residual": 3.1581149886366156e-06,
    "minimum_covariance_ratio": 0.8208855241388922,
    "particles_per_source": 10,
    "proximal_steps": 50,
    "quick": false,
    "radius_ratio_max": 0.4529687649363836,
    "radius_ratio_min": 0.4401637521754117,
    "schema_version": 1,
    "search_directory": "E:\\Desktop\\AnewOmni\\4.5hypothesis\\results\\one_plane_search_20260717T183527_965392Z",
    "selected_by": "single-plane search.py",
    "selection_rule": "forward uniformity first; replay must pass maximum relative RMSE <= 0.10",
    "transport_time": 2.0,
    "uniformity_score": 0.061967944471633674,
    "vertex_particle_max_relative_rmse": 0.0016510179781244602,
    "vertex_particle_p95_relative_rmse": 0.0015410516052210732,
    "worst_angular_moment_error": 0.02340884877698828,
    "worst_angular_resultant": 0.00044784310403551833,
    "worst_radial_cdf_gap": 0.03811125259060988,
    "worst_radial_zone_rmse": 0.019449830293282767
  },
  "loaded_parameter_config_path": "E:\\Desktop\\AnewOmni\\4.5hypothesis\\experiments\\10_lambda_frame_particle_sweep\\best_config.json",
  "log_every": 25,
  "mean_pass1_to_pass2_kl": 0.0022765447207784627,
  "mean_pass2_to_pass1_kl": 0.0022854282498804904,
  "mean_retained_terminal_displacement": 0.004785002415259709,
  "method_fit_summary": {
    "per_particle_d1": {
      "arrival_rmse": 0.40496923800392304,
      "cross_frame_rmse": 0.7058176342887559,
      "fit_frame": "d1",
      "generation_terminal_rmse": 0.6935212361720973,
      "initial_candidate_rmse": 0.4035247490374934,
      "lambda_fit_rmse": 0.4035247490374934,
      "reference_terminal_rmse": 0.7058176342887559,
      "terminal_to_arrival_amplification": 0.5839319935452272
    },
    "per_particle_du": {
      "arrival_rmse": 0.619062098544626,
      "cross_frame_rmse": 0.5098054063078052,
      "fit_frame": "du",
      "generation_terminal_rmse": 0.538114906546069,
      "initial_candidate_rmse": 0.5098054063078052,
      "lambda_fit_rmse": 0.5434304344204763,
      "reference_terminal_rmse": 0.5434304344204763,
      "terminal_to_arrival_amplification": 1.1504273362693531
    },
    "shared_d1": {
      "arrival_rmse": 0.43435107986203925,
      "cross_frame_rmse": 0.6867791444764265,
      "fit_frame": "d1",
      "generation_terminal_rmse": 0.6840559817197868,
      "initial_candidate_rmse": 0.463952542600428,
      "lambda_fit_rmse": 0.46395254260042806,
      "reference_terminal_rmse": 0.6867791444764265,
      "terminal_to_arrival_amplification": 0.6349642302228484
    },
    "shared_du": {
      "arrival_rmse": 0.5697481786802602,
      "cross_frame_rmse": 0.5221585473474092,
      "fit_frame": "du",
      "generation_terminal_rmse": 0.5536502231635893,
      "initial_candidate_rmse": 0.5221585473474092,
      "lambda_fit_rmse": 0.5596275606789708,
      "reference_terminal_rmse": 0.5596275606789708,
      "terminal_to_arrival_amplification": 1.0290760390643143
    }
  },
  "method_summary": {
    "per_particle_d1": {
      "beats_direct_count": 0,
      "beats_parent_count": 1,
      "maximum_efs_direct_ratio": 1.0030408170917442,
      "median_direct_relative_distance": 0.6768389341536953,
      "median_direct_set_rmse": 0.4035247490374934,
      "median_efs_direct_ratio": 1.0030408170917442,
      "median_generated_relative_distance": 0.6788970775530279,
      "median_generated_set_rmse": 0.40496923800392304,
      "median_relation_rmse": 0.1343805729523373,
      "p90_efs_direct_ratio": 1.0030408170917442,
      "status": "no consistent target improvement",
      "targets": 1
    },
    "per_particle_du": {
      "beats_direct_count": 0,