{
  "actual_forward_steps": 6500,
  "backward_seconds": 0.0,
  "beta": 0.05,
  "center_std": 2.0,
  "convergence_check_every": 100,
  "convergence_tolerance": 0.005,
  "convergence_window": 500,
  "created_utc": "2026-07-16T19:27:12.188262+00:00",
  "dimension": 4,
  "epsilon": 0.1,
  "exponent_s": null,
  "exponent_s_actual": 2.0,
  "forward_converged": true,
  "forward_failure_reason": "",
  "forward_seconds": 1159.2703218999995,
  "forward_smoke_passed": false,
  "forward_smoke_reasons": [
    "terminal radial KS 0.194487 exceeds 0.15"
  ],
  "gamma": 0.0005,
  "log_every": 10,
  "max_forward_steps": 8000,
  "min_forward_steps": 3000,
  "noise_std": 0.05,
  "operator_lambda_values": null,
  "output_root": "results",
  "particle_scale": 1.0,
  "particles_per_source": 8,
  "plane_particles": 2048,
  "proximal_steps": 100,
  "seed": 42,
  "selected_sources": 4,
  "shared_lambda": null,
  "smoke_metrics": {
    "initial": {
      "angular_moment_error": 0.07600102879288832,
      "angular_resultant": 0.010041237013873841,
      "covariance_ratio": 0.5340753624205618,
      "finite": true,
      "mean_pair_distance": 5.737267732602291,
      "radial_ks": 0.2047383842813148,
      "radius_cv": 0.37096842315116035,
      "radius_mean": 4.056131072394997,
      "radius_q05": 1.7727670695513775,
      "radius_q25": 3.0079927476460706,
      "radius_q50": 3.9140761239414203,
      "radius_q75": 5.011190356584895,
      "radius_q95": 6.771819221536647,
      "rms_radius": 4.326235196804943,
      "uniform_ball_radius": 5.2985343697206355
    },
    "terminal": {
      "angular_moment_error": 0.014763104142629394,
      "angular_resultant": 0.0004399091544472728,
      "covariance_ratio": 0.8864730140953557,
      "finite": true,
      "mean_pair_distance": 0.9660260607625935,
      "radial_ks": 0.19448745703017278,
      "radius_cv": 0.15486752279509083,
      "radius_mean": 0.7043500452348157,
      "radius_q05": 0.462104340038916,
      "radius_q25": 0.6682067722523855,
      "radius_q50": 0.7386113638539501,
      "radius_q75": 0.7766582547663035,
      "radius_q95": 0.8147873850715049,
      "rms_radius": 0.7127465462225884,
      "uniform_ball_radius": 0.8729326770881833
    }
  },
  "source_count": 256,
  "status": "invalid",
  "trials": 16,
  "vertex_passed": false,
  "vertex_sources": 4
}