{
  "actual_forward_steps": 480,
  "backward_seconds": 9.022549500001332,
  "beta": 0.05,
  "center_std": 2.0,
  "classification": {
    "eligible_trials": 2,
    "independent_median_clean_relative_rmse": 0.41653866415742513,
    "independent_median_clean_rmse": 0.7488286140326528,
    "shared_median_clean_relative_rmse": 0.23043089461527894,
    "shared_median_clean_rmse": 0.41425505551592556,
    "shared_wins": 2,
    "status": "mixed"
  },
  "convergence_check_every": 10,
  "convergence_tolerance": 0.02,
  "convergence_window": 50,
  "created_utc": "2026-07-16T19:25:05.681328+00:00",
  "dimension": 4,
  "epsilon": 0.1,
  "exponent_s": null,
  "exponent_s_actual": 2.0,
  "forward_converged": true,
  "forward_failure_reason": "",
  "forward_seconds": 0.06253570000262698,
  "forward_smoke_passed": true,
  "forward_smoke_reasons": [],
  "gamma": 0.005,
  "log_every": 50,
  "max_forward_steps": 500,
  "min_forward_steps": 100,
  "noise_std": 0.05,
  "operator_lambda_values": null,
  "output_root": "results",
  "particle_scale": 1.0,
  "particles_per_source": 8,
  "plane_particles": 64,
  "proximal_steps": 100,
  "seed": 42,
  "selected_sources": 4,
  "shared_lambda": null,
  "smoke_metrics": {
    "initial": {
      "angular_moment_error": 0.20858687553160185,
      "angular_resultant": 0.11151290367999524,
      "covariance_ratio": 0.12024191287255583,
      "finite": true,
      "mean_pair_distance": 3.9209304438664208,
      "radial_ks": 0.3180259740017715,
      "radius_cv": 0.4243213811202316,
      "radius_mean": 2.7590906546308442,
      "radius_q05": 1.267522663497187,
      "radius_q25": 1.8574867669381623,
      "radius_q50": 2.451465686831387,
      "radius_q75": 3.547711282587981,
      "radius_q95": 4.748352990815404,
      "rms_radius": 2.9972013775610837,
      "uniform_ball_radius": 3.670807015695743
    },
    "terminal": {
      "angular_moment_error": 0.06532901665700971,
      "angular_resultant": 0.0047026997502639355,
      "covariance_ratio": 0.5807604081233126,
      "finite": true,
      "mean_pair_distance": 0.9784067235172144,
      "radial_ks": 0.13391828621567325,
      "radius_cv": 0.16302336288469702,
      "radius_mean": 0.7051658679435431,
      "radius_q05": 0.4823563805441906,
      "radius_q25": 0.6528599817229298,
      "radius_q50": 0.7277755593480824,
      "radius_q75": 0.7799288778099005,
      "radius_q95": 0.8672589418508284,
      "rms_radius": 0.7144748845173878,
      "uniform_ball_radius": 0.8750494505507685
    }
  },
  "source_count": 8,
  "status": "mixed",
  "target_failure_reason": "",
  "target_seconds": 6.404878800000006,
  "trial_count_actual": 2,
  "trials": 2,
  "vertex_failure_reason": "",
  "vertex_max_relative_rmse": 0.020266303414097856,
  "vertex_passed": true,
  "vertex_seconds": 2.6176707000013266,
  "vertex_source_ids": [
    5,
    3
  ],
  "vertex_sources": 2
}