{
  "algebra_self_check": {
    "data": {
      "lambda_max_abs_error": 0.0,
      "matching_rmse": 0.0,
      "p1_shared_control_max_abs_error": 0.0
    },
    "efs": {
      "center_force_norm": 9.321907481344796e-16,
      "field_max_abs_error": 2.220446049250313e-16,
      "gradient_directional_error": 2.0229817820904827e-10,
      "sparse_history_max_abs_error": 0.0
    },
    "evaluation": {
      "identical_plane_kl": 0.0
    }
  },
  "arrival_error": [
    0.4947777411037772,
    0.4659857528315646,
    0.316764175199128,
    0.36256349450128783
  ],
  "beta": 0.1,
  "created_utc": "2026-07-20T13:23:22.364319+00:00",
  "cross_frame_rmse": [
    0.6807309769510425,
    0.395162553021261,
    0.45000319911999004,
    0.27732911617778583
  ],
  "data_model": "independent_chaotic_particles_v1",
  "data_scale": 1.0,
  "dimension": 4,
  "epsilon": 0.01,
  "exponent_s": 3.0,
  "forward_steps_requested": 2000,
  "gamma": 0.001,
  "generation_forward_seconds": 679.1549885999993,
  "generation_frame": "pass-2 terminal plane du with target absent",
  "generation_smoke": {
    "initial": {
      "angular_moment_error": 0.2175187124253654,
      "angular_resultant": 0.11608095602537682,
      "covariance_ratio": 0.25927652554077274,
      "expected_radius_cv": 0.20412414523193154,
      "finite": true,
      "fitted_ball_radius": 2.3793043227104733,
      "mean_pair_distance": 2.4760383896573916,
      "mean_radius": 1.749915446618213,
      "radial_cdf_gap": 0.30790317571810133,
      "radial_overflow": 0.1884765625,
      "radial_zone_0": 0.3772786458333333,
      "radial_zone_1": 0.1240234375,
      "radial_zone_2": 0.050130208333333336,
      "radial_zone_3": 0.0361328125,
      "radial_zone_4": 0.037760416666666664,
      "radial_zone_5": 0.0419921875,
      "radial_zone_6": 0.049479166666666664,
      "radial_zone_7": 0.046223958333333336,
      "radial_zone_8": 0.027669270833333332,
      "radial_zone_9": 0.020833333333333332,
      "radius_cv": 0.4821462548414797,
      "radius_q05": 0.28384174277987767,
      "radius_q25": 0.4630075345566157,
      "radius_q50": 0.6663939954924336,
      "radius_q75": 0.9369533155980047,
      "radius_q95": 1.3526107134196301,
      "radius_ratio": 1.0,
      "rms_radius": 1.9426938444796602
    },
    "terminal": {
      "angular_moment_error": 0.02235981447814478,
      "angular_resultant": 0.000721045365234647,
      "covariance_ratio": 0.8376003848593375,
      "expected_radius_cv": 0.20412414523193154,
      "finite": true,
      "fitted_ball_radius": 1.0736629789095649,
      "mean_pair_distance": 1.1843482662658966,
      "mean_radius": 0.8565985197074427,
      "radial_cdf_gap": 0.04036458333333337,
      "radial_overflow": 0.040690104166666664,
      "radial_zone_0": 0.1162109375,
      "radial_zone_1": 0.10286458333333333,
      "radial_zone_2": 0.10481770833333333,
      "radial_zone_3": 0.09244791666666667,
      "radial_zone_4": 0.07942708333333333,
      "radial_zone_5": 0.07356770833333333,
      "radial_zone_6": 0.09895833333333333,
      "radial_zone_7": 0.11881510416666667,
      "radial_zone_8": 0.10774739583333333,
      "radial_zone_9": 0.064453125,
      "radius_cv": 0.21759069657119537,
      "radius_q05": 0.4573544877177612,
      "radius_q25": 0.692978302247618,
      "radius_q50": 0.8433574606055599,
      "radius_q75": 0.9355606754584465,
      "radius_q95": 0.9947514215070272,
      "radius_ratio": 0.45125079993401673,
      "rms_radius": 0.876642151348337
    }
  },
  "generation_smoke_failure_reasons": [],
  "generation_smoke_passed": true,
  "generation_source_count": 512,
  "generation_terminal_rmse": [
    0.6799259366242548,
    0.6537849142347172,
    0.44881090506535304,
    0.40822875503579803
  ],
  "initial_candidate_rmse": [
    0.3744101656468442,
    0.395162553021261,
    0.26050784233273727,
    0.27732911617778583
  ],
  "lambda_fit_rmse": [
    0.37441016564684415,
    0.6543738926504395,
    0.26050784233273727,
    0.4097116465317191
  ],
  "lambda_iterations": 1000,
  "lambda_methods": [
    "shared_d1",
    "shared_du",
    "per_particle_d1",
    "per_particle_du"
  ],
  "lambda_sum_max_abs_error": 1.1102230246251565e-16,
  "loaded_parameter_config": {
    "beta": 0.1,
    "created_utc": "2026-07-17T20:07:10.212439+00:00",
    "data_model": "independent_chaotic_particles_v1",
    "epsilon": 0.01,
    "exponent_s": 3.0,
    "forward_id": "eps0.01_s3_g0.001_tau2",
    "forward_steps": 2000,
    "gamma": 0.001,
    "geometry_quality": "close to uniform",
    "max_replay_residual": 3.1581149886366156e-06,
    "minimum_covariance_ratio": 0.8208855241388922,
    "particles_per_source": 10,
    "proximal_steps": 50,
    "quick": false,
    "radius_ratio_max": 0.4529687649363836,
    "radius_ratio_min": 0.4401637521754117,
    "schema_version": 1,
    "search_directory": "E:\\Desktop\\AnewOmni\\4.5hypothesis\\results\\one_plane_search_20260717T183527_965392Z",
    "selected_by": "single-plane search.py",
    "selection_rule": "forward uniformity first; replay must pass maximum relative RMSE <= 0.10",
    "transport_time": 2.0,
    "uniformity_score": 0.061967944471633674,
    "vertex_particle_max_relative_rmse": 0.0016510179781244602,
    "vertex_particle_p95_relative_rmse": 0.0015410516052210732,
    "worst_angular_moment_error": 0.02340884877698828,
    "worst_angular_resultant": 0.00044784310403551833,
    "worst_radial_cdf_gap": 0.03811125259060988,
    "worst_radial_zone_rmse": 0.019449830293282767
  },
  "loaded_parameter_config_path": "E:\\Desktop\\AnewOmni\\4.5hypothesis\\experiments\\10_lambda_frame_particle_sweep\\best_config.json",
  "log_every": 100,
  "mean_pass1_to_pass2_kl": 0.0004015918743003891,
  "mean_pass2_to_pass1_kl": 0.0004029328286671316,
  "mean_retained_terminal_displacement": 0.002768400206138909,
  "method_fit_summary": {
    "per_particle_d1": {
      "arrival_rmse": 0.316764175199128,
      "cross_frame_rmse": 0.45000319911999004,
      "fit_frame": "d1",
      "generation_terminal_rmse": 0.44881090506535304,
      "initial_candidate_rmse": 0.26050784233273727,
      "lambda_fit_rmse": 0.26050784233273727,
      "reference_terminal_rmse": 0.45000319911999004,
      "terminal_to_arrival_amplification": 0.7057853800433007
    },
    "per_particle_du": {
      "arrival_rmse": 0.36256349450128783,
      "cross_frame_rmse": 0.27732911617778583,
      "fit_frame": "du",
      "generation_terminal_rmse": 0.40822875503579803,
      "initial_candidate_rmse": 0.27732911617778583,
      "lambda_fit_rmse": 0.4097116465317191,
      "reference_terminal_rmse": 0.4097116465317191,
      "terminal_to_arrival_amplification": 0.8881380599205811
    },
    "shared_d1": {
      "arrival_rmse": 0.4947777411037772,
      "cross_frame_rmse": 0.6807309769510425,
      "fit_frame": "d1",
      "generation_terminal_rmse": 0.6799259366242548,
      "initial_candidate_rmse": 0.3744101656468442,
      "lambda_fit_rmse": 0.37441016564684415,
      "reference_terminal_rmse": 0.6807309769510425,
      "terminal_to_arrival_amplification": 0.7276935831574323
    },
    "shared_du": {
      "arrival_rmse": 0.4659857528315646,
      "cross_frame_rmse": 0.395162553021261,
      "fit_frame": "du",
      "generation_terminal_rmse": 0.6537849142347172,
      "initial_candidate_rmse": 0.395162553021261,
      "lambda_fit_rmse": 0.6543738926504395,
      "reference_terminal_rmse": 0.6543738926504394,
      "terminal_to_arrival_amplification": 0.7127508492254224
    }
  },
  "method_summary": {
    "per_particle_d1": {
      "beats_direct_count": 0,
      "beats_parent_count": 1,
      "maximum_efs_direct_ratio": 1.1993663258177132,
      "median_direct_relative_distance": 0.306164007647539,
      "median_direct_set_rmse": 0.26050784233273727,
      "median_efs_direct_ratio": 1.1993663258177132,
      "median_generated_relative_distance": 0.3672028009498551,
      "median_generated_set_rmse": 0.316764175199128,
      "median_relation_rmse": 0.4850793823047691,