{
  "actual_forward_steps": 6500,
  "backward_seconds": 0.0,
  "beta": 0.05,
  "center_std": 2.0,
  "convergence_check_every": 100,
  "convergence_tolerance": 0.005,
  "convergence_window": 500,
  "created_utc": "2026-07-16T20:26:28.054257+00:00",
  "dimension": 4,
  "epsilon": 0.1,
  "exponent_s": null,
  "exponent_s_actual": 2.0,
  "forward_converged": true,
  "forward_failure_reason": "",
  "forward_seconds": 913.0339816000014,
  "forward_smoke_passed": false,
  "forward_smoke_reasons": [
    "terminal radial KS 0.202620 exceeds 0.15"
  ],
  "gamma": 0.0005,
  "log_every": 10,
  "max_forward_steps": 8000,
  "min_forward_steps": 3000,
  "noise_std": 0.05,
  "operator_lambda_values": null,
  "output_root": "results",
  "particle_scale": 1.0,
  "particles_per_source": 8,
  "plane_particles": 2048,
  "proximal_steps": 100,
  "seed": 50,
  "selected_sources": 4,
  "shared_lambda": null,
  "smoke_metrics": {
    "initial": {
      "angular_moment_error": 0.07263487583817937,
      "angular_resultant": 0.02260051155022977,
      "covariance_ratio": 0.6004963303180308,
      "finite": true,
      "mean_pair_distance": 5.731071701538823,
      "radial_ks": 0.20166015625,
      "radius_cv": 0.3607596812130369,
      "radius_mean": 4.0572603424423885,
      "radius_q05": 1.80244147731902,
      "radius_q25": 2.9592014092341303,
      "radius_q50": 3.942897952960495,
      "radius_q75": 4.9994027102860645,
      "radius_q95": 6.621372907632719,
      "rms_radius": 4.313208470938986,
      "uniform_ball_radius": 5.28257995402528
    },
    "terminal": {
      "angular_moment_error": 0.012497811632276286,
      "angular_resultant": 0.0005520584156915825,
      "covariance_ratio": 0.9041932732838925,
      "finite": true,
      "mean_pair_distance": 0.9659286506070626,
      "radial_ks": 0.202619598310678,
      "radius_cv": 0.1546113318462896,
      "radius_mean": 0.704288078840524,
      "radius_q05": 0.4671096101478787,
      "radius_q25": 0.6658843798977698,
      "radius_q50": 0.7382826569606216,
      "radius_q75": 0.7774135062800516,
      "radius_q95": 0.8122299965649578,
      "rms_radius": 0.712656249528551,
      "uniform_ball_radius": 0.8728220866752573
    }
  },
  "source_count": 256,
  "status": "invalid",
  "trials": 16,
  "vertex_passed": false,
  "vertex_sources": 4
}