{
  "algebra_self_check": {
    "data": {
      "lambda_max_abs_error": 0.0,
      "matching_rmse": 0.0,
      "p1_shared_control_max_abs_error": 0.0
    },
    "efs": {
      "center_force_norm": 9.321907481344796e-16,
      "field_max_abs_error": 2.220446049250313e-16,
      "gradient_directional_error": 2.0229817820904827e-10,
      "sparse_history_max_abs_error": 0.0
    },
    "evaluation": {
      "identical_plane_kl": 0.0
    }
  },
  "arrival_error": [
    0.5566318914344163,
    0.5960022468470741,
    0.426516686149354,
    0.4878641121523324
  ],
  "beta": 0.1,
  "created_utc": "2026-07-21T00:29:00.868279+00:00",
  "cross_frame_rmse": [
    0.6577543834639344,
    0.48577554124833766,
    0.6714050034611139,
    0.4308986542684698
  ],
  "data_model": "independent_chaotic_particles_v1",
  "data_scale": 1.0,
  "dimension": 4,
  "epsilon": 0.01,
  "exponent_s": 3.0,
  "forward_steps_requested": 2000,
  "gamma": 0.001,
  "generation_forward_seconds": 1707.175878999995,
  "generation_frame": "pass-2 terminal plane du with target absent",
  "generation_smoke": {
    "initial": {
      "angular_moment_error": 0.28418322833399245,
      "angular_resultant": 0.02475130505902115,
      "covariance_ratio": 0.16420057247392017,
      "expected_radius_cv": 0.20412414523193154,
      "finite": true,
      "fitted_ball_radius": 2.3260224890326944,
      "mean_pair_distance": 2.4627062316615524,
      "mean_radius": 1.7764019839607759,
      "radial_cdf_gap": 0.2743009051076902,
      "radial_overflow": 0.154541015625,
      "radial_zone_0": 0.21630859375,
      "radial_zone_1": 0.17919921875,
      "radial_zone_2": 0.168212890625,
      "radial_zone_3": 0.1025390625,
      "radial_zone_4": 0.0625,
      "radial_zone_5": 0.04150390625,
      "radial_zone_6": 0.024169921875,
      "radial_zone_7": 0.019287109375,
      "radial_zone_8": 0.017578125,
      "radial_zone_9": 0.01416015625,
      "radius_cv": 0.3781806554318198,
      "radius_q05": 0.4033232742821642,
      "radius_q25": 0.5915246909556504,
      "radius_q50": 0.7126343061302032,
      "radius_q75": 0.8555135643567665,
      "radius_q95": 1.332978439888842,
      "radius_ratio": 1.0,
      "rms_radius": 1.899189409456194
    },
    "terminal": {
      "angular_moment_error": 0.02798424014516264,
      "angular_resultant": 0.00015396247158771848,
      "covariance_ratio": 0.8025698503099704,
      "expected_radius_cv": 0.20412414523193154,
      "finite": true,
      "fitted_ball_radius": 1.0753429042797624,
      "mean_pair_distance": 1.1860289481698632,
      "mean_radius": 0.8578537134296094,
      "radial_cdf_gap": 0.04717667162539163,
      "radial_overflow": 0.047119140625,
      "radial_zone_0": 0.113525390625,
      "radial_zone_1": 0.1064453125,
      "radial_zone_2": 0.102294921875,
      "radial_zone_3": 0.097900390625,
      "radial_zone_4": 0.078857421875,
      "radial_zone_5": 0.080322265625,
      "radial_zone_6": 0.087890625,
      "radial_zone_7": 0.1123046875,
      "radial_zone_8": 0.10205078125,
      "radial_zone_9": 0.0712890625,
      "radius_cv": 0.21806767809997019,
      "radius_q05": 0.454121970641088,
      "radius_q25": 0.6932821586085708,
      "radius_q50": 0.8413705036010415,
      "radius_q75": 0.9380960192409893,
      "radius_q95": 0.9986462264404616,
      "radius_ratio": 0.4623097624163373,
      "rms_radius": 0.878013804669317
    }
  },
  "generation_smoke_failure_reasons": [],
  "generation_smoke_passed": true,
  "generation_source_count": 512,
  "generation_terminal_rmse": [
    0.6566958909303988,
    0.6283472997769123,
    0.6695433290517374,
    0.4776638085444529
  ],
  "initial_candidate_rmse": [
    0.45276505550370133,
    0.48577554124833766,
    0.3639441361590709,
    0.4308986542684698
  ],
  "lambda_fit_rmse": [
    0.45276505550370133,
    0.6294230588700391,
    0.3639441361590709,
    0.47935635792307807
  ],
  "lambda_iterations": 1000,
  "lambda_methods": [
    "shared_d1",
    "shared_du",
    "per_particle_d1",
    "per_particle_du"
  ],
  "lambda_sum_max_abs_error": 0.0,
  "loaded_parameter_config": {
    "beta": 0.1,
    "created_utc": "2026-07-17T20:07:10.212439+00:00",
    "data_model": "independent_chaotic_particles_v1",
    "epsilon": 0.01,
    "exponent_s": 3.0,
    "forward_id": "eps0.01_s3_g0.001_tau2",
    "forward_steps": 2000,
    "gamma": 0.001,
    "geometry_quality": "close to uniform",
    "max_replay_residual": 3.1581149886366156e-06,
    "minimum_covariance_ratio": 0.8208855241388922,
    "particles_per_source": 10,
    "proximal_steps": 50,
    "quick": false,
    "radius_ratio_max": 0.4529687649363836,
    "radius_ratio_min": 0.4401637521754117,
    "schema_version": 1,
    "search_directory": "E:\\Desktop\\AnewOmni\\4.5hypothesis\\results\\one_plane_search_20260717T183527_965392Z",
    "selected_by": "single-plane search.py",
    "selection_rule": "forward uniformity first; replay must pass maximum relative RMSE <= 0.10",
    "transport_time": 2.0,
    "uniformity_score": 0.061967944471633674,
    "vertex_particle_max_relative_rmse": 0.0016510179781244602,
    "vertex_particle_p95_relative_rmse": 0.0015410516052210732,
    "worst_angular_moment_error": 0.02340884877698828,
    "worst_angular_resultant": 0.00044784310403551833,
    "worst_radial_cdf_gap": 0.03811125259060988,
    "worst_radial_zone_rmse": 0.019449830293282767
  },
  "loaded_parameter_config_path": "E:\\Desktop\\AnewOmni\\4.5hypothesis\\experiments\\10_lambda_frame_particle_sweep\\best_config.json",
  "log_every": 25,
  "mean_pass1_to_pass2_kl": 0.00023638938342718637,
  "mean_pass2_to_pass1_kl": 0.00023625503232479504,
  "mean_retained_terminal_displacement": 0.002540166918334045,
  "method_fit_summary": {
    "per_particle_d1": {
      "arrival_rmse": 0.426516686149354,
      "cross_frame_rmse": 0.6714050034611139,
      "fit_frame": "d1",
      "generation_terminal_rmse": 0.6695433290517374,
      "initial_candidate_rmse": 0.3639441361590709,
      "lambda_fit_rmse": 0.3639441361590709,
      "reference_terminal_rmse": 0.6714050034611139,
      "terminal_to_arrival_amplification": 0.6370262649818679
    },
    "per_particle_du": {
      "arrival_rmse": 0.4878641121523324,
      "cross_frame_rmse": 0.4308986542684698,
      "fit_frame": "du",
      "generation_terminal_rmse": 0.4776638085444529,
      "initial_candidate_rmse": 0.4308986542684698,
      "lambda_fit_rmse": 0.47935635792307807,
      "reference_terminal_rmse": 0.47935635792307807,
      "terminal_to_arrival_amplification": 1.0213545665914319
    },
    "shared_d1": {
      "arrival_rmse": 0.5566318914344163,
      "cross_frame_rmse": 0.6577543834639344,
      "fit_frame": "d1",
      "generation_terminal_rmse": 0.6566958909303988,
      "initial_candidate_rmse": 0.45276505550370133,
      "lambda_fit_rmse": 0.45276505550370133,
      "reference_terminal_rmse": 0.6577543834639344,
      "terminal_to_arrival_amplification": 0.847625056166846
    },
    "shared_du": {
      "arrival_rmse": 0.5960022468470741,
      "cross_frame_rmse": 0.48577554124833766,
      "fit_frame": "du",
      "generation_terminal_rmse": 0.6283472997769123,
      "initial_candidate_rmse": 0.48577554124833766,
      "lambda_fit_rmse": 0.6294230588700391,
      "reference_terminal_rmse": 0.6294230588700391,
      "terminal_to_arrival_amplification": 0.9485236063856376
    }
  },
  "method_summary": {
    "per_particle_d1": {
      "beats_direct_count": 0,
      "beats_parent_count": 1,
      "maximum_efs_direct_ratio": 1.1702240551902532,
      "median_direct_relative_distance": 0.36605344078451235,
      "median_direct_set_rmse": 0.3639441361590709,
      "median_efs_direct_ratio": 1.1702240551902532,
      "median_generated_relative_distance": 0.42836454189119727,
      "median_generated_set_rmse": 0.426516686149354,
      "median_relation_rmse": 0.33803704414444347,
      "p90_efs_direct_ratio": 1.1702240551902532,
      "status": "no consistent target improvement",
      "targets": 1
    },