{
  "algebra_self_check": {
    "data": {
      "lambda_max_abs_error": 0.0,
      "matching_rmse": 0.0,
      "p1_shared_control_max_abs_error": 0.0
    },
    "efs": {
      "center_force_norm": 9.321907481344796e-16,
      "field_max_abs_error": 2.220446049250313e-16,
      "gradient_directional_error": 2.0229817820904827e-10,
      "sparse_history_max_abs_error": 0.0
    },
    "evaluation": {
      "identical_plane_kl": 0.0
    }
  },
  "arrival_error": [
    0.07658867621111769,
    0.10879852659211214,
    0.07658867621111769,
    0.10879852659211214
  ],
  "beta": 0.1,
  "created_utc": "2026-07-20T20:53:57.178451+00:00",
  "cross_frame_rmse": [
    0.5417971398289106,
    0.05780144792244941,
    0.5417971398289106,
    0.05780144792244941
  ],
  "data_model": "independent_chaotic_particles_v1",
  "data_scale": 1.0,
  "dimension": 4,
  "epsilon": 0.01,
  "exponent_s": 3.0,
  "forward_steps_requested": 2000,
  "gamma": 0.001,
  "generation_forward_seconds": 33.44145060000301,
  "generation_frame": "pass-2 terminal plane du with target absent",
  "generation_smoke": {
    "initial": {
      "angular_moment_error": 0.09211625475677214,
      "angular_resultant": 0.0778534478537092,
      "covariance_ratio": 0.6106855412737547,
      "expected_radius_cv": 0.20412414523193154,
      "finite": true,
      "fitted_ball_radius": 2.42525360893169,
      "mean_pair_distance": 2.5661458146879634,
      "mean_radius": 1.7993380600502684,
      "radial_cdf_gap": 0.21517518831144783,
      "radial_overflow": 0.16015625,
      "radial_zone_0": 0.28125,
      "radial_zone_1": 0.09765625,
      "radial_zone_2": 0.1328125,
      "radial_zone_3": 0.1015625,
      "radial_zone_4": 0.072265625,
      "radial_zone_5": 0.048828125,
      "radial_zone_6": 0.04296875,
      "radial_zone_7": 0.02734375,
      "radial_zone_8": 0.0234375,
      "radial_zone_9": 0.01171875,
      "radius_cv": 0.459509376450107,
      "radius_q05": 0.26044675270209106,
      "radius_q25": 0.5109650163801019,
      "radius_q50": 0.7372179210791909,
      "radius_q75": 0.8878683721425,
      "radius_q95": 1.3882110037823163,
      "radius_ratio": 1.0,
      "rms_radius": 1.9802112795753533
    },
    "terminal": {
      "angular_moment_error": 0.01264213712094168,
      "angular_resultant": 0.0010965725106012575,
      "covariance_ratio": 0.9113878481071439,
      "expected_radius_cv": 0.20412414523193154,
      "finite": true,
      "fitted_ball_radius": 1.0504770056231816,
      "mean_pair_distance": 1.1612796972818396,
      "mean_radius": 0.8396107003926929,
      "radial_cdf_gap": 0.06483539152284079,
      "radial_overflow": 0.025390625,
      "radial_zone_0": 0.10546875,
      "radial_zone_1": 0.107421875,
      "radial_zone_2": 0.08984375,
      "radial_zone_3": 0.076171875,
      "radial_zone_4": 0.07421875,
      "radial_zone_5": 0.103515625,
      "radial_zone_6": 0.154296875,
      "radial_zone_7": 0.140625,
      "radial_zone_8": 0.083984375,
      "radial_zone_9": 0.0390625,
      "radius_cv": 0.2087591815686248,
      "radius_q05": 0.4532088646994078,
      "radius_q25": 0.6926134127917194,
      "radius_q50": 0.8573360294848099,
      "radius_q75": 0.9228852384263393,
      "radius_q95": 0.9850947987954985,
      "radius_ratio": 0.43314109574128645,
      "rms_radius": 0.8577108834345234
    }
  },
  "generation_smoke_failure_reasons": [],
  "generation_smoke_passed": true,
  "generation_source_count": 512,
  "generation_terminal_rmse": [
    0.421881880655445,
    0.21727595851454967,
    0.421881880655445,
    0.21727595851454967
  ],
  "initial_candidate_rmse": [
    0.04077062092200137,
    0.05780144792244941,
    0.04077062092200137,
    0.05780144792244941
  ],
  "lambda_fit_rmse": [
    0.04077062092200131,
    0.36110951839243005,
    0.04077062092200137,
    0.3611095183924301
  ],
  "lambda_iterations": 1000,
  "lambda_methods": [
    "shared_d1",
    "shared_du",
    "per_particle_d1",
    "per_particle_du"
  ],
  "lambda_sum_max_abs_error": 0.0,
  "loaded_parameter_config": {
    "beta": 0.1,
    "created_utc": "2026-07-17T20:07:10.212439+00:00",
    "data_model": "independent_chaotic_particles_v1",
    "epsilon": 0.01,
    "exponent_s": 3.0,
    "forward_id": "eps0.01_s3_g0.001_tau2",
    "forward_steps": 2000,
    "gamma": 0.001,
    "geometry_quality": "close to uniform",
    "max_replay_residual": 3.1581149886366156e-06,
    "minimum_covariance_ratio": 0.8208855241388922,
    "particles_per_source": 10,
    "proximal_steps": 50,
    "quick": false,
    "radius_ratio_max": 0.4529687649363836,
    "radius_ratio_min": 0.4401637521754117,
    "schema_version": 1,
    "search_directory": "E:\\Desktop\\AnewOmni\\4.5hypothesis\\results\\one_plane_search_20260717T183527_965392Z",
    "selected_by": "single-plane search.py",
    "selection_rule": "forward uniformity first; replay must pass maximum relative RMSE <= 0.10",
    "transport_time": 2.0,
    "uniformity_score": 0.061967944471633674,
    "vertex_particle_max_relative_rmse": 0.0016510179781244602,
    "vertex_particle_p95_relative_rmse": 0.0015410516052210732,
    "worst_angular_moment_error": 0.02340884877698828,
    "worst_angular_resultant": 0.00044784310403551833,
    "worst_radial_cdf_gap": 0.03811125259060988,
    "worst_radial_zone_rmse": 0.019449830293282767
  },
  "loaded_parameter_config_path": "E:\\Desktop\\AnewOmni\\4.5hypothesis\\experiments\\10_lambda_frame_particle_sweep\\best_config.json",
  "log_every": 25,
  "mean_pass1_to_pass2_kl": 0.004666450706138055,
  "mean_pass2_to_pass1_kl": 0.004590858017016891,
  "mean_retained_terminal_displacement": 0.005563357810147374,
  "method_fit_summary": {
    "per_particle_d1": {
      "arrival_rmse": 0.07658867621111769,
      "cross_frame_rmse": 0.5417971398289106,
      "fit_frame": "d1",
      "generation_terminal_rmse": 0.421881880655445,
      "initial_candidate_rmse": 0.04077062092200137,
      "lambda_fit_rmse": 0.04077062092200137,
      "reference_terminal_rmse": 0.5417971398289106,
      "terminal_to_arrival_amplification": 0.18154056792419676
    },
    "per_particle_du": {
      "arrival_rmse": 0.10879852659211214,
      "cross_frame_rmse": 0.05780144792244941,
      "fit_frame": "du",
      "generation_terminal_rmse": 0.21727595851454967,
      "initial_candidate_rmse": 0.05780144792244941,
      "lambda_fit_rmse": 0.3611095183924301,
      "reference_terminal_rmse": 0.3611095183924301,
      "terminal_to_arrival_amplification": 0.5007389097990175
    },
    "shared_d1": {
      "arrival_rmse": 0.07658867621111769,
      "cross_frame_rmse": 0.5417971398289106,
      "fit_frame": "d1",
      "generation_terminal_rmse": 0.421881880655445,
      "initial_candidate_rmse": 0.04077062092200137,
      "lambda_fit_rmse": 0.04077062092200131,
      "reference_terminal_rmse": 0.5417971398289106,
      "terminal_to_arrival_amplification": 0.18154056792419676
    },
    "shared_du": {
      "arrival_rmse": 0.10879852659211214,
      "cross_frame_rmse": 0.05780144792244941,
      "fit_frame": "du",
      "generation_terminal_rmse": 0.21727595851454967,
      "initial_candidate_rmse": 0.05780144792244941,
      "lambda_fit_rmse": 0.36110951839243005,
      "reference_terminal_rmse": 0.3611095183924301,
      "terminal_to_arrival_amplification": 0.5007389097990175
    }
  },
  "method_summary": {
    "per_particle_d1": {
      "beats_direct_count": 0,
      "beats_parent_count": 0,
      "maximum_efs_direct_ratio": 1.7800384920244647,
      "median_direct_point_distance": 0.08498597710154124,
      "median_direct_relative_distance": 0.04291763105185728,
      "median_direct_set_rmse": 0.04077062092200137,
      "median_efs_direct_ratio": 1.7800384920244647,
      "median_generated_point_distance": 0.15127831052305316,
      "median_generated_relative_distance": 0.07639503525881038,
      "median_generated_set_rmse": 0.07658867621111769,
      "median_relation_rmse": 0.0,
      "p90_efs_direct_ratio": 1.7800384920244647,