{
  "algebra_self_check": {
    "data": {
      "lambda_max_abs_error": 0.0,
      "matching_rmse": 0.0,
      "p1_shared_control_max_abs_error": 0.0
    },
    "efs": {
      "center_force_norm": 9.321907481344796e-16,
      "field_max_abs_error": 2.220446049250313e-16,
      "gradient_directional_error": 2.0229817820904827e-10,
      "sparse_history_max_abs_error": 0.0
    },
    "evaluation": {
      "identical_plane_kl": 0.0
    }
  },
  "arrival_error": [
    0.39787936212288694,
    0.4551238022247042,
    0.2873212850002033,
    0.3589465950943827
  ],
  "beta": 0.1,
  "created_utc": "2026-07-21T00:36:56.788789+00:00",
  "cross_frame_rmse": [
    0.6759538754234766,
    0.37485770202904656,
    0.5645552854612808,
    0.3687016425889941
  ],
  "data_model": "independent_chaotic_particles_v1",
  "data_scale": 1.0,
  "dimension": 4,
  "epsilon": 0.01,
  "exponent_s": 3.0,
  "forward_steps_requested": 2000,
  "gamma": 0.001,
  "generation_forward_seconds": 2161.4936096999954,
  "generation_frame": "pass-2 terminal plane du with target absent",
  "generation_smoke": {
    "initial": {
      "angular_moment_error": 0.2788779604226514,
      "angular_resultant": 0.034051396741362934,
      "covariance_ratio": 0.17921964577900187,
      "expected_radius_cv": 0.20412414523193154,
      "finite": true,
      "fitted_ball_radius": 2.3546321635443306,
      "mean_pair_distance": 2.4879456009721146,
      "mean_radius": 1.788186255542605,
      "radial_cdf_gap": 0.27914244508734093,
      "radial_overflow": 0.154296875,
      "radial_zone_0": 0.23936631944444445,
      "radial_zone_1": 0.1736111111111111,
      "radial_zone_2": 0.15733506944444445,
      "radial_zone_3": 0.09635416666666667,
      "radial_zone_4": 0.05946180555555555,
      "radial_zone_5": 0.041015625,
      "radial_zone_6": 0.027560763888888888,
      "radial_zone_7": 0.020399305555555556,
      "radial_zone_8": 0.017578125,
      "radial_zone_9": 0.013020833333333334,
      "radius_cv": 0.39487246557982936,
      "radius_q05": 0.3928838362687601,
      "radius_q25": 0.5717305308763116,
      "radius_q50": 0.7073016129627798,
      "radius_q75": 0.8615444431505537,
      "radius_q95": 1.3500011496384452,
      "radius_ratio": 1.0,
      "rms_radius": 1.9225491108764001
    },
    "terminal": {
      "angular_moment_error": 0.027411338859496544,
      "angular_resultant": 0.00012571860726239608,
      "covariance_ratio": 0.8065033564098085,
      "expected_radius_cv": 0.20412414523193154,
      "finite": true,
      "fitted_ball_radius": 1.0761504837568152,
      "mean_pair_distance": 1.1868647668709118,
      "mean_radius": 0.8584291720645068,
      "radial_cdf_gap": 0.04774305555555558,
      "radial_overflow": 0.04796006944444445,
      "radial_zone_0": 0.11588541666666667,
      "radial_zone_1": 0.10633680555555555,
      "radial_zone_2": 0.099609375,
      "radial_zone_3": 0.095703125,
      "radial_zone_4": 0.0798611111111111,
      "radial_zone_5": 0.08637152777777778,
      "radial_zone_6": 0.08875868055555555,
      "radial_zone_7": 0.09678819444444445,
      "radial_zone_8": 0.10980902777777778,
      "radial_zone_9": 0.07291666666666667,
      "radius_cv": 0.21845228925546917,
      "radius_q05": 0.45934946375307634,
      "radius_q25": 0.6905929843495404,
      "radius_q50": 0.8429400294457416,
      "radius_q75": 0.9403478274993551,
      "radius_q95": 0.9982241208258198,
      "radius_ratio": 0.4570354981208319,
      "rms_radius": 0.878673190551158
    }
  },
  "generation_smoke_failure_reasons": [],
  "generation_smoke_passed": true,
  "generation_source_count": 512,
  "generation_terminal_rmse": [
    0.678279784525823,
    0.6494292625321447,
    0.5640951722886413,
    0.3808346206690778
  ],
  "initial_candidate_rmse": [
    0.34941798471728885,
    0.37485770202904656,
    0.2357581558072784,
    0.3687016425889941
  ],
  "lambda_fit_rmse": [
    0.3494179847172889,
    0.6470260255357443,
    0.2357581558072784,
    0.3822946428941081
  ],
  "lambda_iterations": 1000,
  "lambda_methods": [
    "shared_d1",
    "shared_du",
    "per_particle_d1",
    "per_particle_du"
  ],
  "lambda_sum_max_abs_error": 0.0,
  "loaded_parameter_config": {
    "beta": 0.1,
    "created_utc": "2026-07-17T20:07:10.212439+00:00",
    "data_model": "independent_chaotic_particles_v1",
    "epsilon": 0.01,
    "exponent_s": 3.0,
    "forward_id": "eps0.01_s3_g0.001_tau2",
    "forward_steps": 2000,
    "gamma": 0.001,
    "geometry_quality": "close to uniform",
    "max_replay_residual": 3.1581149886366156e-06,
    "minimum_covariance_ratio": 0.8208855241388922,
    "particles_per_source": 10,
    "proximal_steps": 50,
    "quick": false,
    "radius_ratio_max": 0.4529687649363836,
    "radius_ratio_min": 0.4401637521754117,
    "schema_version": 1,
    "search_directory": "E:\\Desktop\\AnewOmni\\4.5hypothesis\\results\\one_plane_search_20260717T183527_965392Z",
    "selected_by": "single-plane search.py",
    "selection_rule": "forward uniformity first; replay must pass maximum relative RMSE <= 0.10",
    "transport_time": 2.0,
    "uniformity_score": 0.061967944471633674,
    "vertex_particle_max_relative_rmse": 0.0016510179781244602,
    "vertex_particle_p95_relative_rmse": 0.0015410516052210732,
    "worst_angular_moment_error": 0.02340884877698828,
    "worst_angular_resultant": 0.00044784310403551833,
    "worst_radial_cdf_gap": 0.03811125259060988,
    "worst_radial_zone_rmse": 0.019449830293282767
  },
  "loaded_parameter_config_path": "E:\\Desktop\\AnewOmni\\4.5hypothesis\\experiments\\10_lambda_frame_particle_sweep\\best_config.json",
  "log_every": 25,
  "mean_pass1_to_pass2_kl": 0.00023600320888390912,
  "mean_pass2_to_pass1_kl": 0.00023606365949102942,
  "mean_retained_terminal_displacement": 0.003184640534476032,
  "method_fit_summary": {
    "per_particle_d1": {
      "arrival_rmse": 0.2873212850002033,
      "cross_frame_rmse": 0.5645552854612808,
      "fit_frame": "d1",
      "generation_terminal_rmse": 0.5640951722886413,
      "initial_candidate_rmse": 0.2357581558072784,
      "lambda_fit_rmse": 0.2357581558072784,
      "reference_terminal_rmse": 0.5645552854612808,
      "terminal_to_arrival_amplification": 0.5093489522955609
    },
    "per_particle_du": {
      "arrival_rmse": 0.3589465950943827,
      "cross_frame_rmse": 0.3687016425889941,
      "fit_frame": "du",
      "generation_terminal_rmse": 0.3808346206690778,
      "initial_candidate_rmse": 0.3687016425889941,
      "lambda_fit_rmse": 0.3822946428941081,
      "reference_terminal_rmse": 0.3822946428941081,
      "terminal_to_arrival_amplification": 0.942526166512276
    },
    "shared_d1": {
      "arrival_rmse": 0.39787936212288694,
      "cross_frame_rmse": 0.6759538754234766,
      "fit_frame": "d1",
      "generation_terminal_rmse": 0.678279784525823,
      "initial_candidate_rmse": 0.34941798471728885,
      "lambda_fit_rmse": 0.3494179847172889,
      "reference_terminal_rmse": 0.6759538754234766,
      "terminal_to_arrival_amplification": 0.5866006494665611
    },
    "shared_du": {
      "arrival_rmse": 0.4551238022247042,
      "cross_frame_rmse": 0.37485770202904656,
      "fit_frame": "du",
      "generation_terminal_rmse": 0.6494292625321447,
      "initial_candidate_rmse": 0.37485770202904656,
      "lambda_fit_rmse": 0.6470260255357443,
      "reference_terminal_rmse": 0.6470260255357443,
      "terminal_to_arrival_amplification": 0.7008058128612229
    }
  },
  "method_summary": {
    "per_particle_d1": {
      "beats_direct_count": 0,
      "beats_parent_count": 1,
      "maximum_efs_direct_ratio": 1.203250951925572,
      "median_direct_relative_distance": 0.34361698154232684,
      "median_direct_set_rmse": 0.2357581558072784,
      "median_efs_direct_ratio": 1.203250951925572,
      "median_generated_relative_distance": 0.41345746013859647,
      "median_generated_set_rmse": 0.2873212850002033,
      "median_relation_rmse": 0.26266578643480853,