{
  "algebra_self_check": {
    "data": {
      "lambda_max_abs_error": 0.0,
      "matching_rmse": 0.0,
      "p1_shared_control_max_abs_error": 0.0
    },
    "efs": {
      "center_force_norm": 9.321907481344796e-16,
      "field_max_abs_error": 2.220446049250313e-16,
      "gradient_directional_error": 2.0229817820904827e-10,
      "sparse_history_max_abs_error": 0.0
    },
    "evaluation": {
      "identical_plane_kl": 0.0
    }
  },
  "arrival_error": [
    0.36048795439808745,
    0.37900148956747526,
    0.298125736857566,
    0.25893593049892166
  ],
  "beta": 0.1,
  "created_utc": "2026-07-20T21:05:29.880449+00:00",
  "cross_frame_rmse": [
    0.6386913322696578,
    0.31065119672163993,
    0.5012204910972184,
    0.3000642669050415
  ],
  "data_model": "independent_chaotic_particles_v1",
  "data_scale": 1.0,
  "dimension": 4,
  "epsilon": 0.01,
  "exponent_s": 3.0,
  "forward_steps_requested": 2000,
  "gamma": 0.001,
  "generation_forward_seconds": 681.4295721999952,
  "generation_frame": "pass-2 terminal plane du with target absent",
  "generation_smoke": {
    "initial": {
      "angular_moment_error": 0.10371651432905213,
      "angular_resultant": 0.06701964533929555,
      "covariance_ratio": 0.6143934708331279,
      "expected_radius_cv": 0.20412414523193154,
      "finite": true,
      "fitted_ball_radius": 2.39710826169667,
      "mean_pair_distance": 2.5396598025193344,
      "mean_radius": 1.794885889110382,
      "radial_cdf_gap": 0.23114152019766865,
      "radial_overflow": 0.15,
      "radial_zone_0": 0.2484375,
      "radial_zone_1": 0.10625,
      "radial_zone_2": 0.1375,
      "radial_zone_3": 0.135546875,
      "radial_zone_4": 0.088671875,
      "radial_zone_5": 0.0453125,
      "radial_zone_6": 0.03359375,
      "radial_zone_7": 0.0234375,
      "radial_zone_8": 0.017578125,
      "radial_zone_9": 0.013671875,
      "radius_cv": 0.43483102635014204,
      "radius_q05": 0.2739199200304494,
      "radius_q25": 0.5656976475171289,
      "radius_q50": 0.7434825803425582,
      "radius_q75": 0.8679303102013978,
      "radius_q95": 1.3445441688810544,
      "radius_ratio": 1.0,
      "rms_radius": 1.9572306997889357
    },
    "terminal": {
      "angular_moment_error": 0.01033827476429658,
      "angular_resultant": 0.00015850160734535065,
      "covariance_ratio": 0.9259756748126693,
      "expected_radius_cv": 0.20412414523193154,
      "finite": true,
      "fitted_ball_radius": 1.0712464589011184,
      "mean_pair_distance": 1.18198906941964,
      "mean_radius": 0.8549069149500694,
      "radial_cdf_gap": 0.04026867251598043,
      "radial_overflow": 0.032421875,
      "radial_zone_0": 0.113671875,
      "radial_zone_1": 0.100390625,
      "radial_zone_2": 0.1078125,
      "radial_zone_3": 0.087890625,
      "radial_zone_4": 0.08203125,
      "radial_zone_5": 0.079296875,
      "radial_zone_6": 0.091796875,
      "radial_zone_7": 0.118359375,
      "radial_zone_8": 0.125390625,
      "radial_zone_9": 0.0609375,
      "radius_cv": 0.2162559950922096,
      "radius_q05": 0.4558652584812883,
      "radius_q25": 0.6900697230923385,
      "radius_q50": 0.8451325285499175,
      "radius_q75": 0.9388851465834263,
      "radius_q95": 0.989932266417859,
      "radius_ratio": 0.4468911463109687,
      "rms_radius": 0.874669071023697
    }
  },
  "generation_smoke_failure_reasons": [],
  "generation_smoke_passed": true,
  "generation_source_count": 512,
  "generation_terminal_rmse": [
    0.6385306083949085,
    0.6336051048471764,
    0.5024732890937016,
    0.3945877625686545
  ],
  "initial_candidate_rmse": [
    0.3080436199365977,
    0.31065119672163993,
    0.23178839213167218,
    0.3000642669050415
  ],
  "lambda_fit_rmse": [
    0.3080436199365977,
    0.6336970641934881,
    0.23178839213167218,
    0.3931119381551527
  ],
  "lambda_iterations": 1000,
  "lambda_methods": [
    "shared_d1",
    "shared_du",
    "per_particle_d1",
    "per_particle_du"
  ],
  "lambda_sum_max_abs_error": 0.0,
  "loaded_parameter_config": {
    "beta": 0.1,
    "created_utc": "2026-07-17T20:07:10.212439+00:00",
    "data_model": "independent_chaotic_particles_v1",
    "epsilon": 0.01,
    "exponent_s": 3.0,
    "forward_id": "eps0.01_s3_g0.001_tau2",
    "forward_steps": 2000,
    "gamma": 0.001,
    "geometry_quality": "close to uniform",
    "max_replay_residual": 3.1581149886366156e-06,
    "minimum_covariance_ratio": 0.8208855241388922,
    "particles_per_source": 10,
    "proximal_steps": 50,
    "quick": false,
    "radius_ratio_max": 0.4529687649363836,
    "radius_ratio_min": 0.4401637521754117,
    "schema_version": 1,
    "search_directory": "E:\\Desktop\\AnewOmni\\4.5hypothesis\\results\\one_plane_search_20260717T183527_965392Z",
    "selected_by": "single-plane search.py",
    "selection_rule": "forward uniformity first; replay must pass maximum relative RMSE <= 0.10",
    "transport_time": 2.0,
    "uniformity_score": 0.061967944471633674,
    "vertex_particle_max_relative_rmse": 0.0016510179781244602,
    "vertex_particle_p95_relative_rmse": 0.0015410516052210732,
    "worst_angular_moment_error": 0.02340884877698828,
    "worst_angular_resultant": 0.00044784310403551833,
    "worst_radial_cdf_gap": 0.03811125259060988,
    "worst_radial_zone_rmse": 0.019449830293282767
  },
  "loaded_parameter_config_path": "E:\\Desktop\\AnewOmni\\4.5hypothesis\\experiments\\10_lambda_frame_particle_sweep\\best_config.json",
  "log_every": 25,
  "mean_pass1_to_pass2_kl": 0.0006762492213359774,
  "mean_pass2_to_pass1_kl": 0.0006789093109595875,
  "mean_retained_terminal_displacement": 0.0037928506017218455,
  "method_fit_summary": {
    "per_particle_d1": {
      "arrival_rmse": 0.298125736857566,
      "cross_frame_rmse": 0.5012204910972184,
      "fit_frame": "d1",
      "generation_terminal_rmse": 0.5024732890937016,
      "initial_candidate_rmse": 0.23178839213167218,
      "lambda_fit_rmse": 0.23178839213167218,
      "reference_terminal_rmse": 0.5012204910972184,
      "terminal_to_arrival_amplification": 0.5933165868285016
    },
    "per_particle_du": {
      "arrival_rmse": 0.25893593049892166,
      "cross_frame_rmse": 0.3000642669050415,
      "fit_frame": "du",
      "generation_terminal_rmse": 0.3945877625686545,
      "initial_candidate_rmse": 0.3000642669050415,
      "lambda_fit_rmse": 0.3931119381551527,
      "reference_terminal_rmse": 0.3931119381551527,
      "terminal_to_arrival_amplification": 0.6562188568984556
    },
    "shared_d1": {
      "arrival_rmse": 0.36048795439808745,
      "cross_frame_rmse": 0.6386913322696578,
      "fit_frame": "d1",
      "generation_terminal_rmse": 0.6385306083949085,
      "initial_candidate_rmse": 0.3080436199365977,
      "lambda_fit_rmse": 0.3080436199365977,
      "reference_terminal_rmse": 0.6386913322696578,
      "terminal_to_arrival_amplification": 0.5645586126313595
    },
    "shared_du": {
      "arrival_rmse": 0.37900148956747526,
      "cross_frame_rmse": 0.31065119672163993,
      "fit_frame": "du",
      "generation_terminal_rmse": 0.6336051048471764,
      "initial_candidate_rmse": 0.31065119672163993,
      "lambda_fit_rmse": 0.6336970641934881,
      "reference_terminal_rmse": 0.6336970641934881,
      "terminal_to_arrival_amplification": 0.5981667235128878
    }
  },
  "method_summary": {
    "per_particle_d1": {
      "beats_direct_count": 0,
      "beats_parent_count": 1,
      "maximum_efs_direct_ratio": 1.2712923573579238,
      "median_direct_relative_distance": 0.35439767739559963,
      "median_direct_set_rmse": 0.23178839213167218,
      "median_efs_direct_ratio": 1.2712923573579238,
      "median_generated_relative_distance": 0.4505430587384249,
      "median_generated_set_rmse": 0.298125736857566,
      "median_relation_rmse": 0.23290687726288478,
      "p90_efs_direct_ratio": 1.2712923573579238,
      "status": "no consistent target improvement",
      "targets": 1
    },
    "per_particle_du": {
      "beats_direct_count": 0,