{
  "algebra_self_check": {
    "data": {
      "lambda_max_abs_error": 0.0,
      "matching_rmse": 0.0,
      "p1_shared_control_max_abs_error": 0.0
    },
    "efs": {
      "center_force_norm": 9.321907481344796e-16,
      "field_max_abs_error": 2.220446049250313e-16,
      "gradient_directional_error": 2.0229817820904827e-10,
      "sparse_history_max_abs_error": 0.0
    },
    "evaluation": {
      "identical_plane_kl": 0.0
    }
  },
  "arrival_error": [
    0.09476715361912783,
    0.09555876995815737,
    0.09476715361912783,
    0.09555876995815737
  ],
  "beta": 0.1,
  "created_utc": "2026-07-20T15:58:44.411485+00:00",
  "cross_frame_rmse": [
    0.47970422285925407,
    0.060719731332158314,
    0.47970422285925407,
    0.060719731332158314
  ],
  "data_model": "independent_chaotic_particles_v1",
  "data_scale": 1.0,
  "dimension": 4,
  "epsilon": 0.01,
  "exponent_s": 3.0,
  "forward_steps_requested": 2000,
  "gamma": 0.001,
  "generation_forward_seconds": 18.011009099998773,
  "generation_frame": "pass-2 terminal plane du with target absent",
  "generation_smoke": {
    "initial": {
      "angular_moment_error": 0.242464065078945,
      "angular_resultant": 0.08537135044281437,
      "covariance_ratio": 0.2392931448131758,
      "expected_radius_cv": 0.20412414523193154,
      "finite": true,
      "fitted_ball_radius": 2.296862976028064,
      "mean_pair_distance": 2.4028360932535673,
      "mean_radius": 1.6982952415675738,
      "radial_cdf_gap": 0.31379128284630486,
      "radial_overflow": 0.203125,
      "radial_zone_0": 0.3203125,
      "radial_zone_1": 0.173828125,
      "radial_zone_2": 0.109375,
      "radial_zone_3": 0.07421875,
      "radial_zone_4": 0.03515625,
      "radial_zone_5": 0.025390625,
      "radial_zone_6": 0.01953125,
      "radial_zone_7": 0.013671875,
      "radial_zone_8": 0.017578125,
      "radial_zone_9": 0.0078125,
      "radius_cv": 0.4684205368117254,
      "radius_q05": 0.2690185192192497,
      "radius_q25": 0.5187218752320332,
      "radius_q50": 0.6737922049311582,
      "radius_q75": 0.8992215942720102,
      "radius_q95": 1.4174585649953795,
      "radius_ratio": 1.0,
      "rms_radius": 1.8753807667863962
    },
    "terminal": {
      "angular_moment_error": 0.026939762381465362,
      "angular_resultant": 0.00045462759263740197,
      "covariance_ratio": 0.8093150531217211,
      "expected_radius_cv": 0.20412414523193154,
      "finite": true,
      "fitted_ball_radius": 1.0505841980387471,
      "mean_pair_distance": 1.1612225536625222,
      "mean_radius": 0.8396846874855379,
      "radial_cdf_gap": 0.06295578401501878,
      "radial_overflow": 0.025390625,
      "radial_zone_0": 0.10546875,
      "radial_zone_1": 0.095703125,
      "radial_zone_2": 0.095703125,
      "radial_zone_3": 0.095703125,
      "radial_zone_4": 0.072265625,
      "radial_zone_5": 0.09375,
      "radial_zone_6": 0.150390625,
      "radial_zone_7": 0.1484375,
      "radial_zone_8": 0.072265625,
      "radial_zone_9": 0.044921875,
      "radius_cv": 0.20882875468686818,
      "radius_q05": 0.46078427828902585,
      "radius_q25": 0.7013733958001879,
      "radius_q50": 0.8661280899661623,
      "radius_q75": 0.925179626297072,
      "radius_q95": 0.9828018969032897,
      "radius_ratio": 0.45739959632050353,
      "rms_radius": 0.857798405675334
    }
  },
  "generation_smoke_failure_reasons": [],
  "generation_smoke_passed": true,
  "generation_source_count": 512,
  "generation_terminal_rmse": [
    0.39931924224217485,
    0.19150933701335454,
    0.39931924224217485,
    0.19150933701335454
  ],
  "initial_candidate_rmse": [
    0.025919461464575865,
    0.060719731332158314,
    0.025919461464575865,
    0.060719731332158314
  ],
  "lambda_fit_rmse": [
    0.025919461464575855,
    0.3278685043143941,
    0.025919461464575865,
    0.3278685043143941
  ],
  "lambda_iterations": 1000,
  "lambda_methods": [
    "shared_d1",
    "shared_du",
    "per_particle_d1",
    "per_particle_du"
  ],
  "lambda_sum_max_abs_error": 0.0,
  "loaded_parameter_config": {
    "beta": 0.1,
    "created_utc": "2026-07-17T20:07:10.212439+00:00",
    "data_model": "independent_chaotic_particles_v1",
    "epsilon": 0.01,
    "exponent_s": 3.0,
    "forward_id": "eps0.01_s3_g0.001_tau2",
    "forward_steps": 2000,
    "gamma": 0.001,
    "geometry_quality": "close to uniform",
    "max_replay_residual": 3.1581149886366156e-06,
    "minimum_covariance_ratio": 0.8208855241388922,
    "particles_per_source": 10,
    "proximal_steps": 50,
    "quick": false,
    "radius_ratio_max": 0.4529687649363836,
    "radius_ratio_min": 0.4401637521754117,
    "schema_version": 1,
    "search_directory": "E:\\Desktop\\AnewOmni\\4.5hypothesis\\results\\one_plane_search_20260717T183527_965392Z",
    "selected_by": "single-plane search.py",
    "selection_rule": "forward uniformity first; replay must pass maximum relative RMSE <= 0.10",
    "transport_time": 2.0,
    "uniformity_score": 0.061967944471633674,
    "vertex_particle_max_relative_rmse": 0.0016510179781244602,
    "vertex_particle_p95_relative_rmse": 0.0015410516052210732,
    "worst_angular_moment_error": 0.02340884877698828,
    "worst_angular_resultant": 0.00044784310403551833,
    "worst_radial_cdf_gap": 0.03811125259060988,
    "worst_radial_zone_rmse": 0.019449830293282767
  },
  "loaded_parameter_config_path": "E:\\Desktop\\AnewOmni\\4.5hypothesis\\experiments\\10_lambda_frame_particle_sweep\\best_config.json",
  "log_every": 100,
  "mean_pass1_to_pass2_kl": 0.0042834695964074805,
  "mean_pass2_to_pass1_kl": 0.0042489245509681525,
  "mean_retained_terminal_displacement": 0.005523907005571989,
  "method_fit_summary": {
    "per_particle_d1": {
      "arrival_rmse": 0.09476715361912783,
      "cross_frame_rmse": 0.47970422285925407,
      "fit_frame": "d1",
      "generation_terminal_rmse": 0.39931924224217485,
      "initial_candidate_rmse": 0.025919461464575865,
      "lambda_fit_rmse": 0.025919461464575865,
      "reference_terminal_rmse": 0.47970422285925407,
      "terminal_to_arrival_amplification": 0.23732178065602574
    },
    "per_particle_du": {
      "arrival_rmse": 0.09555876995815737,
      "cross_frame_rmse": 0.060719731332158314,
      "fit_frame": "du",
      "generation_terminal_rmse": 0.19150933701335454,
      "initial_candidate_rmse": 0.060719731332158314,
      "lambda_fit_rmse": 0.3278685043143941,
      "reference_terminal_rmse": 0.3278685043143941,
      "terminal_to_arrival_amplification": 0.4989770809529447
    },
    "shared_d1": {
      "arrival_rmse": 0.09476715361912783,
      "cross_frame_rmse": 0.47970422285925407,
      "fit_frame": "d1",
      "generation_terminal_rmse": 0.39931924224217485,
      "initial_candidate_rmse": 0.025919461464575865,
      "lambda_fit_rmse": 0.025919461464575855,
      "reference_terminal_rmse": 0.47970422285925407,
      "terminal_to_arrival_amplification": 0.23732178065602574
    },
    "shared_du": {
      "arrival_rmse": 0.09555876995815737,
      "cross_frame_rmse": 0.060719731332158314,
      "fit_frame": "du",
      "generation_terminal_rmse": 0.19150933701335454,
      "initial_candidate_rmse": 0.060719731332158314,
      "lambda_fit_rmse": 0.3278685043143941,
      "reference_terminal_rmse": 0.3278685043143941,
      "terminal_to_arrival_amplification": 0.4989770809529447
    }
  },
  "method_summary": {
    "per_particle_d1": {
      "beats_direct_count": 0,
      "beats_parent_count": 0,
      "maximum_efs_direct_ratio": 3.5501162286000163,
      "median_direct_point_distance": 0.049071600903077404,
      "median_direct_relative_distance": 0.026166206762995244,
      "median_direct_set_rmse": 0.025919461464575865,
      "median_efs_direct_ratio": 3.5501162286000163,
      "median_generated_point_distance": 0.1742098867293983,
      "median_generated_relative_distance": 0.09289307527021291,
      "median_generated_set_rmse": 0.09476715361912783,
      "median_relation_rmse": 0.0,