{
  "algebra_self_check": {
    "data": {
      "lambda_max_abs_error": 0.0,
      "matching_rmse": 0.0,
      "p1_shared_control_max_abs_error": 0.0
    },
    "efs": {
      "center_force_norm": 9.321907481344796e-16,
      "field_max_abs_error": 2.220446049250313e-16,
      "gradient_directional_error": 2.0229817820904827e-10,
      "sparse_history_max_abs_error": 0.0
    },
    "evaluation": {
      "identical_plane_kl": 0.0
    }
  },
  "arrival_error": [
    0.18214461606441537,
    0.2772845116456734,
    0.18214461606441537,
    0.2772845116456734
  ],
  "beta": 0.1,
  "created_utc": "2026-07-20T20:07:52.509063+00:00",
  "cross_frame_rmse": [
    0.22126167547063033,
    0.14521568615455582,
    0.22126167547063033,
    0.14521568615455582
  ],
  "data_model": "independent_chaotic_particles_v1",
  "data_scale": 1.0,
  "dimension": 4,
  "epsilon": 0.01,
  "exponent_s": 3.0,
  "forward_steps_requested": 2000,
  "gamma": 0.001,
  "generation_forward_seconds": 32.0344971999948,
  "generation_frame": "pass-2 terminal plane du with target absent",
  "generation_smoke": {
    "initial": {
      "angular_moment_error": 0.2835827687300948,
      "angular_resultant": 0.05699464473515941,
      "covariance_ratio": 0.1623990109984668,
      "expected_radius_cv": 0.20412414523193154,
      "finite": true,
      "fitted_ball_radius": 2.3185998611191274,
      "mean_pair_distance": 2.4559970300844993,
      "mean_radius": 1.7753320847796066,
      "radial_cdf_gap": 0.2693839075280138,
      "radial_overflow": 0.14453125,
      "radial_zone_0": 0.203125,
      "radial_zone_1": 0.259765625,
      "radial_zone_2": 0.09765625,
      "radial_zone_3": 0.072265625,
      "radial_zone_4": 0.052734375,
      "radial_zone_5": 0.060546875,
      "radial_zone_6": 0.037109375,
      "radial_zone_7": 0.025390625,
      "radial_zone_8": 0.029296875,
      "radial_zone_9": 0.017578125,
      "radius_cv": 0.3702789700687277,
      "radius_q05": 0.4593689196431582,
      "radius_q25": 0.581123564229536,
      "radius_q50": 0.6968164579385125,
      "radius_q75": 0.8828190207084591,
      "radius_q95": 1.2871412244467433,
      "radius_ratio": 1.0,
      "rms_radius": 1.8931288591432678
    },
    "terminal": {
      "angular_moment_error": 0.03089834296634614,
      "angular_resultant": 0.0003347219897824784,
      "covariance_ratio": 0.7719727154381981,
      "expected_radius_cv": 0.20412414523193154,
      "finite": true,
      "fitted_ball_radius": 1.050475307059621,
      "mean_pair_distance": 1.1611362645924064,
      "mean_radius": 0.8397617761838007,
      "radial_cdf_gap": 0.06772707792690635,
      "radial_overflow": 0.021484375,
      "radial_zone_0": 0.107421875,
      "radial_zone_1": 0.107421875,
      "radial_zone_2": 0.076171875,
      "radial_zone_3": 0.083984375,
      "radial_zone_4": 0.064453125,
      "radial_zone_5": 0.109375,
      "radial_zone_6": 0.185546875,
      "radial_zone_7": 0.12109375,
      "radial_zone_8": 0.080078125,
      "radial_zone_9": 0.04296875,
      "radius_cv": 0.20784987190450604,
      "radius_q05": 0.47788783379114275,
      "radius_q25": 0.6869219045405246,
      "radius_q50": 0.8635080850394856,
      "radius_q75": 0.9173524597673712,
      "radius_q95": 0.9786657549255092,
      "radius_ratio": 0.4530645087473542,
      "rms_radius": 0.8577094965631837
    }
  },
  "generation_smoke_failure_reasons": [],
  "generation_smoke_passed": true,
  "generation_source_count": 512,
  "generation_terminal_rmse": [
    0.18528195471089437,
    0.08233879498920531,
    0.18528195471089437,
    0.08233879498920531
  ],
  "initial_candidate_rmse": [
    0.10965827695411684,
    0.14521568615455582,
    0.10965827695411684,
    0.14521568615455582
  ],
  "lambda_fit_rmse": [
    0.10965827695411684,
    0.10837378165067171,
    0.10965827695411684,
    0.10837378165067169
  ],
  "lambda_iterations": 1000,
  "lambda_methods": [
    "shared_d1",
    "shared_du",
    "per_particle_d1",
    "per_particle_du"
  ],
  "lambda_sum_max_abs_error": 0.0,
  "loaded_parameter_config": {
    "beta": 0.1,
    "created_utc": "2026-07-17T20:07:10.212439+00:00",
    "data_model": "independent_chaotic_particles_v1",
    "epsilon": 0.01,
    "exponent_s": 3.0,
    "forward_id": "eps0.01_s3_g0.001_tau2",
    "forward_steps": 2000,
    "gamma": 0.001,
    "geometry_quality": "close to uniform",
    "max_replay_residual": 3.1581149886366156e-06,
    "minimum_covariance_ratio": 0.8208855241388922,
    "particles_per_source": 10,
    "proximal_steps": 50,
    "quick": false,
    "radius_ratio_max": 0.4529687649363836,
    "radius_ratio_min": 0.4401637521754117,
    "schema_version": 1,
    "search_directory": "E:\\Desktop\\AnewOmni\\4.5hypothesis\\results\\one_plane_search_20260717T183527_965392Z",
    "selected_by": "single-plane search.py",
    "selection_rule": "forward uniformity first; replay must pass maximum relative RMSE <= 0.10",
    "transport_time": 2.0,
    "uniformity_score": 0.061967944471633674,
    "vertex_particle_max_relative_rmse": 0.0016510179781244602,
    "vertex_particle_p95_relative_rmse": 0.0015410516052210732,
    "worst_angular_moment_error": 0.02340884877698828,
    "worst_angular_resultant": 0.00044784310403551833,
    "worst_radial_cdf_gap": 0.03811125259060988,
    "worst_radial_zone_rmse": 0.019449830293282767
  },
  "loaded_parameter_config_path": "E:\\Desktop\\AnewOmni\\4.5hypothesis\\experiments\\10_lambda_frame_particle_sweep\\best_config.json",
  "log_every": 25,
  "mean_pass1_to_pass2_kl": 0.0030341127821060187,
  "mean_pass2_to_pass1_kl": 0.003039183544026108,
  "mean_retained_terminal_displacement": 0.0040246725206260795,
  "method_fit_summary": {
    "per_particle_d1": {
      "arrival_rmse": 0.18214461606441537,
      "cross_frame_rmse": 0.22126167547063033,
      "fit_frame": "d1",
      "generation_terminal_rmse": 0.18528195471089437,
      "initial_candidate_rmse": 0.10965827695411684,
      "lambda_fit_rmse": 0.10965827695411684,
      "reference_terminal_rmse": 0.22126167547063033,
      "terminal_to_arrival_amplification": 0.9830672196254926
    },
    "per_particle_du": {
      "arrival_rmse": 0.2772845116456734,
      "cross_frame_rmse": 0.14521568615455582,
      "fit_frame": "du",
      "generation_terminal_rmse": 0.08233879498920531,
      "initial_candidate_rmse": 0.14521568615455582,
      "lambda_fit_rmse": 0.10837378165067169,
      "reference_terminal_rmse": 0.10837378165067169,
      "terminal_to_arrival_amplification": 3.3676046835762614
    },
    "shared_d1": {
      "arrival_rmse": 0.18214461606441537,
      "cross_frame_rmse": 0.22126167547063033,
      "fit_frame": "d1",
      "generation_terminal_rmse": 0.18528195471089437,
      "initial_candidate_rmse": 0.10965827695411684,
      "lambda_fit_rmse": 0.10965827695411684,
      "reference_terminal_rmse": 0.22126167547063033,
      "terminal_to_arrival_amplification": 0.9830672196254926
    },
    "shared_du": {
      "arrival_rmse": 0.2772845116456734,
      "cross_frame_rmse": 0.14521568615455582,
      "fit_frame": "du",
      "generation_terminal_rmse": 0.08233879498920531,
      "initial_candidate_rmse": 0.14521568615455582,
      "lambda_fit_rmse": 0.10837378165067171,
      "reference_terminal_rmse": 0.10837378165067169,
      "terminal_to_arrival_amplification": 3.3676046835762614
    }
  },
  "method_summary": {
    "per_particle_d1": {
      "beats_direct_count": 0,
      "beats_parent_count": 0,
      "maximum_efs_direct_ratio": 1.68423652412588,
      "median_direct_point_distance": 0.21135645237952352,
      "median_direct_relative_distance": 0.11164398628161662,
      "median_direct_set_rmse": 0.10965827695411684,
      "median_efs_direct_ratio": 1.68423652412588,
      "median_generated_point_distance": 0.3559742567072658,
      "median_generated_relative_distance": 0.18803487939450741,
      "median_generated_set_rmse": 0.18214461606441537,
      "median_relation_rmse": 0.0,
      "p90_efs_direct_ratio": 1.68423652412588,