{
  "algebra_self_check": {
    "data": {
      "lambda_max_abs_error": 0.0,
      "matching_rmse": 0.0,
      "p1_shared_control_max_abs_error": 0.0
    },
    "efs": {
      "center_force_norm": 9.321907481344796e-16,
      "field_max_abs_error": 2.220446049250313e-16,
      "gradient_directional_error": 2.0229817820904827e-10,
      "sparse_history_max_abs_error": 0.0
    },
    "evaluation": {
      "identical_plane_kl": 0.0
    }
  },
  "arrival_error": [
    0.24668298521038173,
    0.2681252174589254,
    0.21017651331934628,
    0.2989130456614041
  ],
  "beta": 0.1,
  "created_utc": "2026-07-20T22:32:03.907141+00:00",
  "cross_frame_rmse": [
    0.6019536729964952,
    0.24683766376465976,
    0.648854631324521,
    0.22362179745515443
  ],
  "data_model": "independent_chaotic_particles_v1",
  "data_scale": 1.0,
  "dimension": 4,
  "epsilon": 0.01,
  "exponent_s": 3.0,
  "forward_steps_requested": 2000,
  "gamma": 0.001,
  "generation_forward_seconds": 270.5558944000004,
  "generation_frame": "pass-2 terminal plane du with target absent",
  "generation_smoke": {
    "initial": {
      "angular_moment_error": 0.2814024596074658,
      "angular_resultant": 0.03417352737308654,
      "covariance_ratio": 0.17909297731204082,
      "expected_radius_cv": 0.20412414523193154,
      "finite": true,
      "fitted_ball_radius": 2.3580828678609365,
      "mean_pair_distance": 2.491541977420301,
      "mean_radius": 1.7918996657553798,
      "radial_cdf_gap": 0.2906044464858114,
      "radial_overflow": 0.14322916666666666,
      "radial_zone_0": 0.22265625,
      "radial_zone_1": 0.18619791666666666,
      "radial_zone_2": 0.16536458333333334,
      "radial_zone_3": 0.09895833333333333,
      "radial_zone_4": 0.06705729166666667,
      "radial_zone_5": 0.037760416666666664,
      "radial_zone_6": 0.022786458333333332,
      "radial_zone_7": 0.021484375,
      "radial_zone_8": 0.018880208333333332,
      "radial_zone_9": 0.015625,
      "radius_cv": 0.39308365695162356,
      "radius_q05": 0.3986315932741952,
      "radius_q25": 0.5851290960187897,
      "radius_q50": 0.7062370385718292,
      "radius_q75": 0.85140350301912,
      "radius_q95": 1.3808710084823321,
      "radius_ratio": 1.0,
      "rms_radius": 1.9253665991527014
    },
    "terminal": {
      "angular_moment_error": 0.029429972617436555,
      "angular_resultant": 0.00033166506664878743,
      "covariance_ratio": 0.7963876991815524,
      "expected_radius_cv": 0.20412414523193154,
      "finite": true,
      "fitted_ball_radius": 1.0671167122811638,
      "mean_pair_distance": 1.1776358381079794,
      "mean_radius": 0.8518607809891688,
      "radial_cdf_gap": 0.03450520833333337,
      "radial_overflow": 0.03515625,
      "radial_zone_0": 0.11002604166666667,
      "radial_zone_1": 0.10677083333333333,
      "radial_zone_2": 0.10221354166666667,
      "radial_zone_3": 0.080078125,
      "radial_zone_4": 0.0859375,
      "radial_zone_5": 0.08919270833333333,
      "radial_zone_6": 0.107421875,
      "radial_zone_7": 0.115234375,
      "radial_zone_8": 0.107421875,
      "radial_zone_9": 0.060546875,
      "radius_cv": 0.2148332269123635,
      "radius_q05": 0.45626647031950957,
      "radius_q25": 0.693982338146777,
      "radius_q50": 0.8498984190254608,
      "radius_q75": 0.9326860346833252,
      "radius_q95": 0.9913249441176721,
      "radius_ratio": 0.4525357131529336,
      "rms_radius": 0.8712971470284062
    }
  },
  "generation_smoke_failure_reasons": [],
  "generation_smoke_passed": true,
  "generation_source_count": 512,
  "generation_terminal_rmse": [
    0.6020972426217163,
    0.5764641188538479,
    0.6483168683245584,
    0.551678158015169
  ],
  "initial_candidate_rmse": [
    0.21362973366271762,
    0.24683766376465976,
    0.16921758388469949,
    0.22362179745515443
  ],
  "lambda_fit_rmse": [
    0.21362973366271762,
    0.5763954489440349,
    0.16921758388469949,
    0.5519009851089883
  ],
  "lambda_iterations": 1000,
  "lambda_methods": [
    "shared_d1",
    "shared_du",
    "per_particle_d1",
    "per_particle_du"
  ],
  "lambda_sum_max_abs_error": 1.1102230246251565e-16,
  "loaded_parameter_config": {
    "beta": 0.1,
    "created_utc": "2026-07-17T20:07:10.212439+00:00",
    "data_model": "independent_chaotic_particles_v1",
    "epsilon": 0.01,
    "exponent_s": 3.0,
    "forward_id": "eps0.01_s3_g0.001_tau2",
    "forward_steps": 2000,
    "gamma": 0.001,
    "geometry_quality": "close to uniform",
    "max_replay_residual": 3.1581149886366156e-06,
    "minimum_covariance_ratio": 0.8208855241388922,
    "particles_per_source": 10,
    "proximal_steps": 50,
    "quick": false,
    "radius_ratio_max": 0.4529687649363836,
    "radius_ratio_min": 0.4401637521754117,
    "schema_version": 1,
    "search_directory": "E:\\Desktop\\AnewOmni\\4.5hypothesis\\results\\one_plane_search_20260717T183527_965392Z",
    "selected_by": "single-plane search.py",
    "selection_rule": "forward uniformity first; replay must pass maximum relative RMSE <= 0.10",
    "transport_time": 2.0,
    "uniformity_score": 0.061967944471633674,
    "vertex_particle_max_relative_rmse": 0.0016510179781244602,
    "vertex_particle_p95_relative_rmse": 0.0015410516052210732,
    "worst_angular_moment_error": 0.02340884877698828,
    "worst_angular_resultant": 0.00044784310403551833,
    "worst_radial_cdf_gap": 0.03811125259060988,
    "worst_radial_zone_rmse": 0.019449830293282767
  },
  "loaded_parameter_config_path": "E:\\Desktop\\AnewOmni\\4.5hypothesis\\experiments\\10_lambda_frame_particle_sweep\\best_config.json",
  "log_every": 25,
  "mean_pass1_to_pass2_kl": 0.0016135782404935,
  "mean_pass2_to_pass1_kl": 0.001601632279310922,
  "mean_retained_terminal_displacement": 0.004343562345835721,
  "method_fit_summary": {
    "per_particle_d1": {
      "arrival_rmse": 0.21017651331934628,
      "cross_frame_rmse": 0.648854631324521,
      "fit_frame": "d1",
      "generation_terminal_rmse": 0.6483168683245584,
      "initial_candidate_rmse": 0.16921758388469949,
      "lambda_fit_rmse": 0.16921758388469949,
      "reference_terminal_rmse": 0.648854631324521,
      "terminal_to_arrival_amplification": 0.32418794510546095
    },
    "per_particle_du": {
      "arrival_rmse": 0.2989130456614041,
      "cross_frame_rmse": 0.22362179745515443,
      "fit_frame": "du",
      "generation_terminal_rmse": 0.551678158015169,
      "initial_candidate_rmse": 0.22362179745515443,
      "lambda_fit_rmse": 0.5519009851089883,
      "reference_terminal_rmse": 0.5519009851089883,
      "terminal_to_arrival_amplification": 0.5418250502010724
    },
    "shared_d1": {
      "arrival_rmse": 0.24668298521038173,
      "cross_frame_rmse": 0.6019536729964952,
      "fit_frame": "d1",
      "generation_terminal_rmse": 0.6020972426217163,
      "initial_candidate_rmse": 0.21362973366271762,
      "lambda_fit_rmse": 0.21362973366271762,
      "reference_terminal_rmse": 0.6019536729964952,
      "terminal_to_arrival_amplification": 0.409706219773152
    },
    "shared_du": {
      "arrival_rmse": 0.2681252174589254,
      "cross_frame_rmse": 0.24683766376465976,
      "fit_frame": "du",
      "generation_terminal_rmse": 0.5764641188538479,
      "initial_candidate_rmse": 0.24683766376465976,
      "lambda_fit_rmse": 0.5763954489440349,
      "reference_terminal_rmse": 0.5763954489440349,
      "terminal_to_arrival_amplification": 0.46512039290845053
    }
  },
  "method_summary": {
    "per_particle_d1": {
      "beats_direct_count": 0,
      "beats_parent_count": 1,
      "maximum_efs_direct_ratio": 1.235845641615897,
      "median_direct_relative_distance": 0.3034834687715422,
      "median_direct_set_rmse": 0.16921758388469949,
      "median_efs_direct_ratio": 1.235845641615897,
      "median_generated_relative_distance": 0.3750587221837846,
      "median_generated_set_rmse": 0.21017651331934628,
      "median_relation_rmse": 0.23527550986541146,
      "p90_efs_direct_ratio": 1.235845641615897,