{
  "algebra_self_check": {
    "data": {
      "lambda_max_abs_error": 0.0,
      "matching_rmse": 0.0,
      "p1_shared_control_max_abs_error": 0.0
    },
    "efs": {
      "center_force_norm": 9.321907481344796e-16,
      "field_max_abs_error": 2.220446049250313e-16,
      "gradient_directional_error": 2.0229817820904827e-10,
      "sparse_history_max_abs_error": 0.0
    },
    "evaluation": {
      "identical_plane_kl": 0.0
    }
  },
  "arrival_error": [
    0.21933888192778142,
    0.21933888192778142,
    0.21933888192778142,
    0.21933888192778142
  ],
  "beta": 0.1,
  "created_utc": "2026-07-20T12:25:38.351407+00:00",
  "cross_frame_rmse": [
    0.2502526245448083,
    0.14837821965498493,
    0.2502526245448083,
    0.14837821965498493
  ],
  "data_model": "independent_chaotic_particles_v1",
  "data_scale": 1.0,
  "dimension": 4,
  "epsilon": 0.01,
  "exponent_s": 3.0,
  "forward_steps_requested": 2000,
  "gamma": 0.001,
  "generation_forward_seconds": 19.748864799999865,
  "generation_frame": "pass-2 terminal plane du with target absent",
  "generation_smoke": {
    "initial": {
      "angular_moment_error": 0.22630811566116676,
      "angular_resultant": 0.11821416823295003,
      "covariance_ratio": 0.270942947642713,
      "expected_radius_cv": 0.20412414523193154,
      "finite": true,
      "fitted_ball_radius": 2.308590714627958,
      "mean_pair_distance": 2.4050992174207018,
      "mean_radius": 1.6943664017310076,
      "radial_cdf_gap": 0.3602070859773677,
      "radial_overflow": 0.236328125,
      "radial_zone_0": 0.41796875,
      "radial_zone_1": 0.130859375,
      "radial_zone_2": 0.037109375,
      "radial_zone_3": 0.01953125,
      "radial_zone_4": 0.025390625,
      "radial_zone_5": 0.0234375,
      "radial_zone_6": 0.025390625,
      "radial_zone_7": 0.021484375,
      "radial_zone_8": 0.037109375,
      "radial_zone_9": 0.025390625,
      "radius_cv": 0.4874647160770098,
      "radius_q05": 0.3212398620312617,
      "radius_q25": 0.4525336841521854,
      "radius_q50": 0.6145457621722792,
      "radius_q75": 0.98530566530226,
      "radius_q95": 1.3479382525109895,
      "radius_ratio": 1.0,
      "rms_radius": 1.8849564252552233
    },
    "terminal": {
      "angular_moment_error": 0.024037877055486125,
      "angular_resultant": 0.001303888828345777,
      "covariance_ratio": 0.8261075966361109,
      "expected_radius_cv": 0.20412414523193154,
      "finite": true,
      "fitted_ball_radius": 1.0505605560245337,
      "mean_pair_distance": 1.16125554103128,
      "mean_radius": 0.8396828787118933,
      "radial_cdf_gap": 0.05820914860259774,
      "radial_overflow": 0.025390625,
      "radial_zone_0": 0.11328125,
      "radial_zone_1": 0.103515625,
      "radial_zone_2": 0.078125,
      "radial_zone_3": 0.072265625,
      "radial_zone_4": 0.08203125,
      "radial_zone_5": 0.111328125,
      "radial_zone_6": 0.16015625,
      "radial_zone_7": 0.12890625,
      "radial_zone_8": 0.080078125,
      "radial_zone_9": 0.044921875,
      "radius_cv": 0.20872703493237393,
      "radius_q05": 0.4718916870336514,
      "radius_q25": 0.707163641906146,
      "radius_q50": 0.8626198903826966,
      "radius_q75": 0.9211119611653673,
      "radius_q95": 0.979256603544575,
      "radius_ratio": 0.4550657461142207,
      "rms_radius": 0.8577791020515625
    }
  },
  "generation_smoke_failure_reasons": [],
  "generation_smoke_passed": true,
  "generation_source_count": 512,
  "generation_terminal_rmse": [
    0.21877610701889322,
    0.10567848914413794,
    0.21877610701889322,
    0.10567848914413794
  ],
  "initial_candidate_rmse": [
    0.1059331357879866,
    0.14837821965498493,
    0.1059331357879866,
    0.14837821965498493
  ],
  "lambda_fit_rmse": [
    0.1059331357879866,
    0.15725689470434714,
    0.1059331357879866,
    0.15725689470434726
  ],
  "lambda_iterations": 1000,
  "lambda_methods": [
    "shared_d1",
    "shared_du",
    "per_particle_d1",
    "per_particle_du"
  ],
  "lambda_sum_max_abs_error": 0.0,
  "loaded_parameter_config": {
    "beta": 0.1,
    "created_utc": "2026-07-17T20:07:10.212439+00:00",
    "data_model": "independent_chaotic_particles_v1",
    "epsilon": 0.01,
    "exponent_s": 3.0,
    "forward_id": "eps0.01_s3_g0.001_tau2",
    "forward_steps": 2000,
    "gamma": 0.001,
    "geometry_quality": "close to uniform",
    "max_replay_residual": 3.1581149886366156e-06,
    "minimum_covariance_ratio": 0.8208855241388922,
    "particles_per_source": 10,
    "proximal_steps": 50,
    "quick": false,
    "radius_ratio_max": 0.4529687649363836,
    "radius_ratio_min": 0.4401637521754117,
    "schema_version": 1,
    "search_directory": "E:\\Desktop\\AnewOmni\\4.5hypothesis\\results\\one_plane_search_20260717T183527_965392Z",
    "selected_by": "single-plane search.py",
    "selection_rule": "forward uniformity first; replay must pass maximum relative RMSE <= 0.10",
    "transport_time": 2.0,
    "uniformity_score": 0.061967944471633674,
    "vertex_particle_max_relative_rmse": 0.0016510179781244602,
    "vertex_particle_p95_relative_rmse": 0.0015410516052210732,
    "worst_angular_moment_error": 0.02340884877698828,
    "worst_angular_resultant": 0.00044784310403551833,
    "worst_radial_cdf_gap": 0.03811125259060988,
    "worst_radial_zone_rmse": 0.019449830293282767
  },
  "loaded_parameter_config_path": "E:\\Desktop\\AnewOmni\\4.5hypothesis\\experiments\\10_lambda_frame_particle_sweep\\best_config.json",
  "log_every": 100,
  "mean_pass1_to_pass2_kl": 0.00442782132929067,
  "mean_pass2_to_pass1_kl": 0.003979082901682079,
  "mean_retained_terminal_displacement": 0.0037500853352650373,
  "method_fit_summary": {
    "per_particle_d1": {
      "arrival_rmse": 0.21933888192778142,
      "cross_frame_rmse": 0.2502526245448083,
      "fit_frame": "d1",
      "generation_terminal_rmse": 0.21877610701889322,
      "initial_candidate_rmse": 0.1059331357879866,
      "lambda_fit_rmse": 0.1059331357879866,
      "reference_terminal_rmse": 0.2502526245448083,
      "terminal_to_arrival_amplification": 1.0025723782937577
    },
    "per_particle_du": {
      "arrival_rmse": 0.21933888192778142,
      "cross_frame_rmse": 0.14837821965498493,
      "fit_frame": "du",
      "generation_terminal_rmse": 0.10567848914413794,
      "initial_candidate_rmse": 0.14837821965498493,
      "lambda_fit_rmse": 0.15725689470434726,
      "reference_terminal_rmse": 0.15725689470434726,
      "terminal_to_arrival_amplification": 2.0755300695926757
    },
    "shared_d1": {
      "arrival_rmse": 0.21933888192778142,
      "cross_frame_rmse": 0.2502526245448083,
      "fit_frame": "d1",
      "generation_terminal_rmse": 0.21877610701889322,
      "initial_candidate_rmse": 0.1059331357879866,
      "lambda_fit_rmse": 0.1059331357879866,
      "reference_terminal_rmse": 0.2502526245448083,
      "terminal_to_arrival_amplification": 1.0025723782937577
    },
    "shared_du": {
      "arrival_rmse": 0.21933888192778142,
      "cross_frame_rmse": 0.14837821965498493,
      "fit_frame": "du",
      "generation_terminal_rmse": 0.10567848914413794,
      "initial_candidate_rmse": 0.14837821965498493,
      "lambda_fit_rmse": 0.15725689470434714,
      "reference_terminal_rmse": 0.15725689470434726,
      "terminal_to_arrival_amplification": 2.0755300695926757
    }
  },
  "method_summary": {
    "per_particle_d1": {
      "beats_direct_count": 0,
      "beats_parent_count": 0,
      "maximum_efs_direct_ratio": 2.1502706792893926,
      "median_direct_point_distance": 0.197285430151071,
      "median_direct_relative_distance": 0.1046631251034668,
      "median_direct_set_rmse": 0.1059331357879866,
      "median_efs_direct_ratio": 2.1502706792893926,
      "median_generated_point_distance": 0.4242170759048435,
      "median_generated_relative_distance": 0.22505404911278223,
      "median_generated_set_rmse": 0.21933888192778142,
      "median_relation_rmse": 0.0,
      "p90_efs_direct_ratio": 2.1502706792893926,