{
  "algebra_self_check": {
    "data": {
      "lambda_max_abs_error": 0.0,
      "matching_rmse": 0.0,
      "p1_shared_control_max_abs_error": 0.0
    },
    "efs": {
      "center_force_norm": 9.321907481344796e-16,
      "field_max_abs_error": 2.220446049250313e-16,
      "gradient_directional_error": 2.0229817820904827e-10,
      "sparse_history_max_abs_error": 0.0
    },
    "evaluation": {
      "identical_plane_kl": 0.0
    }
  },
  "arrival_error": [
    0.39454834600741967,
    0.3796576917080396,
    0.2889971540975268,
    0.37140593015041506
  ],
  "beta": 0.1,
  "created_utc": "2026-07-20T20:26:39.747748+00:00",
  "cross_frame_rmse": [
    0.517995823219031,
    0.35330734289236715,
    0.4735712300236751,
    0.31601790985704675
  ],
  "data_model": "independent_chaotic_particles_v1",
  "data_scale": 1.0,
  "dimension": 4,
  "epsilon": 0.01,
  "exponent_s": 3.0,
  "forward_steps_requested": 2000,
  "gamma": 0.001,
  "generation_forward_seconds": 989.8477241,
  "generation_frame": "pass-2 terminal plane du with target absent",
  "generation_smoke": {
    "initial": {
      "angular_moment_error": 0.2562392825336283,
      "angular_resultant": 0.08234167166210624,
      "covariance_ratio": 0.20413711880996252,
      "expected_radius_cv": 0.20412414523193154,
      "finite": true,
      "fitted_ball_radius": 2.340983203832639,
      "mean_pair_distance": 2.4692266230382867,
      "mean_radius": 1.7817042977607966,
      "radial_cdf_gap": 0.27579088031304155,
      "radial_overflow": 0.14871651785714285,
      "radial_zone_0": 0.25362723214285715,
      "radial_zone_1": 0.21400669642857142,
      "radial_zone_2": 0.10379464285714286,
      "radial_zone_3": 0.06668526785714286,
      "radial_zone_4": 0.05078125,
      "radial_zone_5": 0.05078125,
      "radial_zone_6": 0.040736607142857144,
      "radial_zone_7": 0.03376116071428571,
      "radial_zone_8": 0.019810267857142856,
      "radial_zone_9": 0.017299107142857144,
      "radius_cv": 0.3884465232194049,
      "radius_q05": 0.44901956117206837,
      "radius_q25": 0.5606240698468348,
      "radius_q50": 0.6888499325368405,
      "radius_q75": 0.888819911189566,
      "radius_q95": 1.2990312784086624,
      "radius_ratio": 1.0,
      "rms_radius": 1.9114047819385835
    },
    "terminal": {
      "angular_moment_error": 0.024991660602425147,
      "angular_resultant": 0.00025673798247208523,
      "covariance_ratio": 0.8127431469915466,
      "expected_radius_cv": 0.20412414523193154,
      "finite": true,
      "fitted_ball_radius": 1.0741660188113142,
      "mean_pair_distance": 1.1848463630718946,
      "mean_radius": 0.856988108462996,
      "radial_cdf_gap": 0.04218519736234072,
      "radial_overflow": 0.04045758928571429,
      "radial_zone_0": 0.11244419642857142,
      "radial_zone_1": 0.10686383928571429,
      "radial_zone_2": 0.09877232142857142,
      "radial_zone_3": 0.103515625,
      "radial_zone_4": 0.07840401785714286,
      "radial_zone_5": 0.07142857142857142,
      "radial_zone_6": 0.08649553571428571,
      "radial_zone_7": 0.12360491071428571,
      "radial_zone_8": 0.10993303571428571,
      "radial_zone_9": 0.06808035714285714,
      "radius_cv": 0.21765668579890146,
      "radius_q05": 0.4463770044949578,
      "radius_q25": 0.6960902414225033,
      "radius_q50": 0.8410178007727659,
      "radius_q75": 0.9384757789420842,
      "radius_q95": 0.9946621278074574,
      "radius_ratio": 0.4588525099422748,
      "rms_radius": 0.8770528817081854
    }
  },
  "generation_smoke_failure_reasons": [],
  "generation_smoke_passed": true,
  "generation_source_count": 512,
  "generation_terminal_rmse": [
    0.5174513922915098,
    0.49980278351968627,
    0.4701324912534619,
    0.40986772522736703
  ],
  "initial_candidate_rmse": [
    0.34058965179445067,
    0.35330734289236715,
    0.2783250871666033,
    0.31601790985704675
  ],
  "lambda_fit_rmse": [
    0.34058965179445067,
    0.5001965891974691,
    0.2783250871666033,
    0.41182133252355596
  ],
  "lambda_iterations": 1000,
  "lambda_methods": [
    "shared_d1",
    "shared_du",
    "per_particle_d1",
    "per_particle_du"
  ],
  "lambda_sum_max_abs_error": 0.0,
  "loaded_parameter_config": {
    "beta": 0.1,
    "created_utc": "2026-07-17T20:07:10.212439+00:00",
    "data_model": "independent_chaotic_particles_v1",
    "epsilon": 0.01,
    "exponent_s": 3.0,
    "forward_id": "eps0.01_s3_g0.001_tau2",
    "forward_steps": 2000,
    "gamma": 0.001,
    "geometry_quality": "close to uniform",
    "max_replay_residual": 3.1581149886366156e-06,
    "minimum_covariance_ratio": 0.8208855241388922,
    "particles_per_source": 10,
    "proximal_steps": 50,
    "quick": false,
    "radius_ratio_max": 0.4529687649363836,
    "radius_ratio_min": 0.4401637521754117,
    "schema_version": 1,
    "search_directory": "E:\\Desktop\\AnewOmni\\4.5hypothesis\\results\\one_plane_search_20260717T183527_965392Z",
    "selected_by": "single-plane search.py",
    "selection_rule": "forward uniformity first; replay must pass maximum relative RMSE <= 0.10",
    "transport_time": 2.0,
    "uniformity_score": 0.061967944471633674,
    "vertex_particle_max_relative_rmse": 0.0016510179781244602,
    "vertex_particle_p95_relative_rmse": 0.0015410516052210732,
    "worst_angular_moment_error": 0.02340884877698828,
    "worst_angular_resultant": 0.00044784310403551833,
    "worst_radial_cdf_gap": 0.03811125259060988,
    "worst_radial_zone_rmse": 0.019449830293282767
  },
  "loaded_parameter_config_path": "E:\\Desktop\\AnewOmni\\4.5hypothesis\\experiments\\10_lambda_frame_particle_sweep\\best_config.json",
  "log_every": 25,
  "mean_pass1_to_pass2_kl": 0.00024605302940412473,
  "mean_pass2_to_pass1_kl": 0.00024615682982305427,
  "mean_retained_terminal_displacement": 0.002848989666128079,
  "method_fit_summary": {
    "per_particle_d1": {
      "arrival_rmse": 0.2889971540975268,
      "cross_frame_rmse": 0.4735712300236751,
      "fit_frame": "d1",
      "generation_terminal_rmse": 0.4701324912534619,
      "initial_candidate_rmse": 0.2783250871666033,
      "lambda_fit_rmse": 0.2783250871666033,
      "reference_terminal_rmse": 0.4735712300236751,
      "terminal_to_arrival_amplification": 0.6147142762394615
    },
    "per_particle_du": {
      "arrival_rmse": 0.37140593015041506,
      "cross_frame_rmse": 0.31601790985704675,
      "fit_frame": "du",
      "generation_terminal_rmse": 0.40986772522736703,
      "initial_candidate_rmse": 0.31601790985704675,
      "lambda_fit_rmse": 0.41182133252355596,
      "reference_terminal_rmse": 0.41182133252355596,
      "terminal_to_arrival_amplification": 0.9061604690742215
    },
    "shared_d1": {
      "arrival_rmse": 0.39454834600741967,
      "cross_frame_rmse": 0.517995823219031,
      "fit_frame": "d1",
      "generation_terminal_rmse": 0.5174513922915098,
      "initial_candidate_rmse": 0.34058965179445067,
      "lambda_fit_rmse": 0.34058965179445067,
      "reference_terminal_rmse": 0.517995823219031,
      "terminal_to_arrival_amplification": 0.7624838813558513
    },
    "shared_du": {
      "arrival_rmse": 0.3796576917080396,
      "cross_frame_rmse": 0.35330734289236715,
      "fit_frame": "du",
      "generation_terminal_rmse": 0.49980278351968627,
      "initial_candidate_rmse": 0.35330734289236715,
      "lambda_fit_rmse": 0.5001965891974691,
      "reference_terminal_rmse": 0.5001965891974692,
      "terminal_to_arrival_amplification": 0.7596150006097067
    }
  },
  "method_summary": {
    "per_particle_d1": {
      "beats_direct_count": 0,
      "beats_parent_count": 1,
      "maximum_efs_direct_ratio": 1.0391778355499766,
      "median_direct_relative_distance": 0.3566420408374317,
      "median_direct_set_rmse": 0.2783250871666033,
      "median_efs_direct_ratio": 1.0391778355499766,
      "median_generated_relative_distance": 0.3706145040635686,
      "median_generated_set_rmse": 0.2889971540975268,
      "median_relation_rmse": 0.47022313707026947,