{
  "algebra_self_check": {
    "data": {
      "lambda_max_abs_error": 0.0,
      "matching_rmse": 0.0,
      "p1_shared_control_max_abs_error": 0.0
    },
    "efs": {
      "center_force_norm": 9.321907481344796e-16,
      "field_max_abs_error": 2.220446049250313e-16,
      "gradient_directional_error": 2.0229817820904827e-10,
      "sparse_history_max_abs_error": 0.0
    },
    "evaluation": {
      "identical_plane_kl": 0.0
    }
  },
  "arrival_error": [
    0.3662477222964698,
    0.3365126706471452,
    0.3112457638512414,
    0.3618049512148902
  ],
  "beta": 0.1,
  "created_utc": "2026-07-20T16:55:50.437773+00:00",
  "cross_frame_rmse": [
    0.6102735024504059,
    0.31030564605348726,
    0.5334002931299867,
    0.2830658888247068
  ],
  "data_model": "independent_chaotic_particles_v1",
  "data_scale": 1.0,
  "dimension": 4,
  "epsilon": 0.01,
  "exponent_s": 3.0,
  "forward_steps_requested": 2000,
  "gamma": 0.001,
  "generation_forward_seconds": 687.837780599999,
  "generation_frame": "pass-2 terminal plane du with target absent",
  "generation_smoke": {
    "initial": {
      "angular_moment_error": 0.24953921728581674,
      "angular_resultant": 0.0865063631676709,
      "covariance_ratio": 0.23313433069190018,
      "expected_radius_cv": 0.20412414523193154,
      "finite": true,
      "fitted_ball_radius": 2.2885249937904013,
      "mean_pair_distance": 2.391471805969174,
      "mean_radius": 1.6946376696954133,
      "radial_cdf_gap": 0.2948206964820661,
      "radial_overflow": 0.205078125,
      "radial_zone_0": 0.3095703125,
      "radial_zone_1": 0.17610677083333334,
      "radial_zone_2": 0.10221354166666667,
      "radial_zone_3": 0.060546875,
      "radial_zone_4": 0.037109375,
      "radial_zone_5": 0.0322265625,
      "radial_zone_6": 0.0185546875,
      "radial_zone_7": 0.024088541666666668,
      "radial_zone_8": 0.016927083333333332,
      "radial_zone_9": 0.017578125,
      "radius_cv": 0.46455547014450266,
      "radius_q05": 0.2576341006573835,
      "radius_q25": 0.5189132315021306,
      "radius_q50": 0.6792047196389039,
      "radius_q75": 0.9321979396085887,
      "radius_q95": 1.351785496192096,
      "radius_ratio": 1.0,
      "rms_radius": 1.868572832797508
    },
    "terminal": {
      "angular_moment_error": 0.02664317825498167,
      "angular_resultant": 0.0005934204172757245,
      "covariance_ratio": 0.8158745553194159,
      "expected_radius_cv": 0.20412414523193154,
      "finite": true,
      "fitted_ball_radius": 1.0734677308637797,
      "mean_pair_distance": 1.1840936951327568,
      "mean_radius": 0.8564533416572281,
      "radial_cdf_gap": 0.04296875,
      "radial_overflow": 0.043294270833333336,
      "radial_zone_0": 0.11360677083333333,
      "radial_zone_1": 0.107421875,
      "radial_zone_2": 0.10123697916666667,
      "radial_zone_3": 0.09212239583333333,
      "radial_zone_4": 0.08072916666666667,
      "radial_zone_5": 0.08040364583333333,
      "radial_zone_6": 0.0908203125,
      "radial_zone_7": 0.119140625,
      "radial_zone_8": 0.11067708333333333,
      "radial_zone_9": 0.060546875,
      "radius_cv": 0.21753113607160765,
      "radius_q05": 0.4561921351793303,
      "radius_q25": 0.6914303345226114,
      "radius_q50": 0.843862221705374,
      "radius_q75": 0.936262460126334,
      "radius_q95": 0.9963697279266275,
      "radius_ratio": 0.4690653297545306,
      "rms_radius": 0.8764827319865204
    }
  },
  "generation_smoke_failure_reasons": [],
  "generation_smoke_passed": true,
  "generation_source_count": 512,
  "generation_terminal_rmse": [
    0.6081612131451202,
    0.5737664389026909,
    0.52944546428182,
    0.4612662459199101
  ],
  "initial_candidate_rmse": [
    0.2801897113546422,
    0.31030564605348726,
    0.21058916073523778,
    0.2830658888247068
  ],
  "lambda_fit_rmse": [
    0.2801897113546422,
    0.5768742821949008,
    0.21058916073523778,
    0.46580687507248886
  ],
  "lambda_iterations": 1000,
  "lambda_methods": [
    "shared_d1",
    "shared_du",
    "per_particle_d1",
    "per_particle_du"
  ],
  "lambda_sum_max_abs_error": 2.220446049250313e-16,
  "loaded_parameter_config": {
    "beta": 0.1,
    "created_utc": "2026-07-17T20:07:10.212439+00:00",
    "data_model": "independent_chaotic_particles_v1",
    "epsilon": 0.01,
    "exponent_s": 3.0,
    "forward_id": "eps0.01_s3_g0.001_tau2",
    "forward_steps": 2000,
    "gamma": 0.001,
    "geometry_quality": "close to uniform",
    "max_replay_residual": 3.1581149886366156e-06,
    "minimum_covariance_ratio": 0.8208855241388922,
    "particles_per_source": 10,
    "proximal_steps": 50,
    "quick": false,
    "radius_ratio_max": 0.4529687649363836,
    "radius_ratio_min": 0.4401637521754117,
    "schema_version": 1,
    "search_directory": "E:\\Desktop\\AnewOmni\\4.5hypothesis\\results\\one_plane_search_20260717T183527_965392Z",
    "selected_by": "single-plane search.py",
    "selection_rule": "forward uniformity first; replay must pass maximum relative RMSE <= 0.10",
    "transport_time": 2.0,
    "uniformity_score": 0.061967944471633674,
    "vertex_particle_max_relative_rmse": 0.0016510179781244602,
    "vertex_particle_p95_relative_rmse": 0.0015410516052210732,
    "worst_angular_moment_error": 0.02340884877698828,
    "worst_angular_resultant": 0.00044784310403551833,
    "worst_radial_cdf_gap": 0.03811125259060988,
    "worst_radial_zone_rmse": 0.019449830293282767
  },
  "loaded_parameter_config_path": "E:\\Desktop\\AnewOmni\\4.5hypothesis\\experiments\\10_lambda_frame_particle_sweep\\best_config.json",
  "log_every": 100,
  "mean_pass1_to_pass2_kl": 0.0005852009277878996,
  "mean_pass2_to_pass1_kl": 0.0005825836442408033,
  "mean_retained_terminal_displacement": 0.0032705248111267425,
  "method_fit_summary": {
    "per_particle_d1": {
      "arrival_rmse": 0.3112457638512414,
      "cross_frame_rmse": 0.5334002931299867,
      "fit_frame": "d1",
      "generation_terminal_rmse": 0.52944546428182,
      "initial_candidate_rmse": 0.21058916073523778,
      "lambda_fit_rmse": 0.21058916073523778,
      "reference_terminal_rmse": 0.5334002931299867,
      "terminal_to_arrival_amplification": 0.5878712442525856
    },
    "per_particle_du": {
      "arrival_rmse": 0.3618049512148902,
      "cross_frame_rmse": 0.2830658888247068,
      "fit_frame": "du",
      "generation_terminal_rmse": 0.4612662459199101,
      "initial_candidate_rmse": 0.2830658888247068,
      "lambda_fit_rmse": 0.46580687507248886,
      "reference_terminal_rmse": 0.46580687507248886,
      "terminal_to_arrival_amplification": 0.7843733514325056
    },
    "shared_d1": {
      "arrival_rmse": 0.3662477222964698,
      "cross_frame_rmse": 0.6102735024504059,
      "fit_frame": "d1",
      "generation_terminal_rmse": 0.6081612131451202,
      "initial_candidate_rmse": 0.2801897113546422,
      "lambda_fit_rmse": 0.2801897113546422,
      "reference_terminal_rmse": 0.6102735024504059,
      "terminal_to_arrival_amplification": 0.6022214412563587
    },
    "shared_du": {
      "arrival_rmse": 0.3365126706471452,
      "cross_frame_rmse": 0.31030564605348726,
      "fit_frame": "du",
      "generation_terminal_rmse": 0.5737664389026909,
      "initial_candidate_rmse": 0.31030564605348726,
      "lambda_fit_rmse": 0.5768742821949008,
      "reference_terminal_rmse": 0.5768742821949008,
      "terminal_to_arrival_amplification": 0.5864976544998247
    }
  },
  "method_summary": {
    "per_particle_d1": {
      "beats_direct_count": 0,
      "beats_parent_count": 1,
      "maximum_efs_direct_ratio": 1.4934760380671757,
      "median_direct_relative_distance": 0.32626273566112,
      "median_direct_set_rmse": 0.21058916073523778,
      "median_efs_direct_ratio": 1.4934760380671757,
      "median_generated_relative_distance": 0.48726557782412777,
      "median_generated_set_rmse": 0.3112457638512414,
      "median_relation_rmse": 0.5528264830262607,
      "p90_efs_direct_ratio": 1.4934760380671757,