{
  "algebra_self_check": {
    "data": {
      "lambda_max_abs_error": 0.0,
      "matching_rmse": 0.0,
      "p1_shared_control_max_abs_error": 0.0
    },
    "efs": {
      "center_force_norm": 9.321907481344796e-16,
      "field_max_abs_error": 2.220446049250313e-16,
      "gradient_directional_error": 2.0229817820904827e-10,
      "sparse_history_max_abs_error": 0.0
    },
    "evaluation": {
      "identical_plane_kl": 0.0
    }
  },
  "arrival_error": [
    0.5855725340506185,
    0.4684092423929262,
    0.5934923800660531,
    0.4993990920603141
  ],
  "beta": 0.1,
  "created_utc": "2026-07-20T16:33:34.184194+00:00",
  "cross_frame_rmse": [
    0.577736460956483,
    0.4067281812556771,
    0.5995512831964217,
    0.41026022888489627
  ],
  "data_model": "independent_chaotic_particles_v1",
  "data_scale": 1.0,
  "dimension": 4,
  "epsilon": 0.01,
  "exponent_s": 3.0,
  "forward_steps_requested": 2000,
  "gamma": 0.001,
  "generation_forward_seconds": 478.4598025999985,
  "generation_frame": "pass-2 terminal plane du with target absent",
  "generation_smoke": {
    "initial": {
      "angular_moment_error": 0.2509699298390236,
      "angular_resultant": 0.08756291925734888,
      "covariance_ratio": 0.2295444098302986,
      "expected_radius_cv": 0.20412414523193154,
      "finite": true,
      "fitted_ball_radius": 2.393021620490442,
      "mean_pair_distance": 2.489832327144526,
      "mean_radius": 1.755990780814166,
      "radial_cdf_gap": 0.31462248350534416,
      "radial_overflow": 0.19453125,
      "radial_zone_0": 0.34453125,
      "radial_zone_1": 0.160546875,
      "radial_zone_2": 0.091796875,
      "radial_zone_3": 0.055859375,
      "radial_zone_4": 0.034375,
      "radial_zone_5": 0.02734375,
      "radial_zone_6": 0.025,
      "radial_zone_7": 0.023046875,
      "radial_zone_8": 0.0234375,
      "radial_zone_9": 0.01953125,
      "radius_cv": 0.4879601717601741,
      "radius_q05": 0.26487387580089294,
      "radius_q25": 0.4957999909458968,
      "radius_q50": 0.6664186216660453,
      "radius_q75": 0.9308094195604157,
      "radius_q95": 1.39198079262159,
      "radius_ratio": 1.0,
      "rms_radius": 1.9538939712165724
    },
    "terminal": {
      "angular_moment_error": 0.02916256749897764,
      "angular_resultant": 0.0006183320581315238,
      "covariance_ratio": 0.8004178573338102,
      "expected_radius_cv": 0.20412414523193154,
      "finite": true,
      "fitted_ball_radius": 1.0727466017347689,
      "mean_pair_distance": 1.1833145731844397,
      "mean_radius": 0.85586073015155,
      "radial_cdf_gap": 0.04843750000000002,
      "radial_overflow": 0.048828125,
      "radial_zone_0": 0.11171875,
      "radial_zone_1": 0.102734375,
      "radial_zone_2": 0.11171875,
      "radial_zone_3": 0.0859375,
      "radial_zone_4": 0.0765625,
      "radial_zone_5": 0.081640625,
      "radial_zone_6": 0.10859375,
      "radial_zone_7": 0.119140625,
      "radial_zone_8": 0.098046875,
      "radial_zone_9": 0.055078125,
      "radius_cv": 0.21762825108034084,
      "radius_q05": 0.4532660476104329,
      "radius_q25": 0.6923900206342363,
      "radius_q50": 0.8466736739602744,
      "radius_q75": 0.9335204461242436,
      "radius_q95": 0.9991292257489341,
      "radius_ratio": 0.4482811991957318,
      "rms_radius": 0.8758939325182757
    }
  },
  "generation_smoke_failure_reasons": [],
  "generation_smoke_passed": true,
  "generation_source_count": 512,
  "generation_terminal_rmse": [
    0.5734501089178424,
    0.5077724267296915,
    0.5911258930778511,
    0.42526892270848465
  ],
  "initial_candidate_rmse": [
    0.3924125996265048,
    0.4067281812556771,
    0.3409164068097629,
    0.41026022888489627
  ],
  "lambda_fit_rmse": [
    0.3924125996265048,
    0.5096303836815705,
    0.3409164068097629,
    0.42744030928357335
  ],
  "lambda_iterations": 1000,
  "lambda_methods": [
    "shared_d1",
    "shared_du",
    "per_particle_d1",
    "per_particle_du"
  ],
  "lambda_sum_max_abs_error": 0.0,
  "loaded_parameter_config": {
    "beta": 0.1,
    "created_utc": "2026-07-17T20:07:10.212439+00:00",
    "data_model": "independent_chaotic_particles_v1",
    "epsilon": 0.01,
    "exponent_s": 3.0,
    "forward_id": "eps0.01_s3_g0.001_tau2",
    "forward_steps": 2000,
    "gamma": 0.001,
    "geometry_quality": "close to uniform",
    "max_replay_residual": 3.1581149886366156e-06,
    "minimum_covariance_ratio": 0.8208855241388922,
    "particles_per_source": 10,
    "proximal_steps": 50,
    "quick": false,
    "radius_ratio_max": 0.4529687649363836,
    "radius_ratio_min": 0.4401637521754117,
    "schema_version": 1,
    "search_directory": "E:\\Desktop\\AnewOmni\\4.5hypothesis\\results\\one_plane_search_20260717T183527_965392Z",
    "selected_by": "single-plane search.py",
    "selection_rule": "forward uniformity first; replay must pass maximum relative RMSE <= 0.10",
    "transport_time": 2.0,
    "uniformity_score": 0.061967944471633674,
    "vertex_particle_max_relative_rmse": 0.0016510179781244602,
    "vertex_particle_p95_relative_rmse": 0.0015410516052210732,
    "worst_angular_moment_error": 0.02340884877698828,
    "worst_angular_resultant": 0.00044784310403551833,
    "worst_radial_cdf_gap": 0.03811125259060988,
    "worst_radial_zone_rmse": 0.019449830293282767
  },
  "loaded_parameter_config_path": "E:\\Desktop\\AnewOmni\\4.5hypothesis\\experiments\\10_lambda_frame_particle_sweep\\best_config.json",
  "log_every": 100,
  "mean_pass1_to_pass2_kl": 0.0005195419443651295,
  "mean_pass2_to_pass1_kl": 0.0005198734100730386,
  "mean_retained_terminal_displacement": 0.003467243754612895,
  "method_fit_summary": {
    "per_particle_d1": {
      "arrival_rmse": 0.5934923800660531,
      "cross_frame_rmse": 0.5995512831964217,
      "fit_frame": "d1",
      "generation_terminal_rmse": 0.5911258930778511,
      "initial_candidate_rmse": 0.3409164068097629,
      "lambda_fit_rmse": 0.3409164068097629,
      "reference_terminal_rmse": 0.5995512831964217,
      "terminal_to_arrival_amplification": 1.0040033553189156
    },
    "per_particle_du": {
      "arrival_rmse": 0.4993990920603141,
      "cross_frame_rmse": 0.41026022888489627,
      "fit_frame": "du",
      "generation_terminal_rmse": 0.42526892270848465,
      "initial_candidate_rmse": 0.41026022888489627,
      "lambda_fit_rmse": 0.42744030928357335,
      "reference_terminal_rmse": 0.42744030928357335,
      "terminal_to_arrival_amplification": 1.1743136293141376
    },
    "shared_d1": {
      "arrival_rmse": 0.5855725340506185,
      "cross_frame_rmse": 0.577736460956483,
      "fit_frame": "d1",
      "generation_terminal_rmse": 0.5734501089178424,
      "initial_candidate_rmse": 0.3924125996265048,
      "lambda_fit_rmse": 0.3924125996265048,
      "reference_terminal_rmse": 0.577736460956483,
      "terminal_to_arrival_amplification": 1.0211394591164213
    },
    "shared_du": {
      "arrival_rmse": 0.4684092423929262,
      "cross_frame_rmse": 0.4067281812556771,
      "fit_frame": "du",
      "generation_terminal_rmse": 0.5077724267296915,
      "initial_candidate_rmse": 0.4067281812556771,
      "lambda_fit_rmse": 0.5096303836815705,
      "reference_terminal_rmse": 0.5096303836815708,
      "terminal_to_arrival_amplification": 0.9224786887498325
    }
  },
  "method_summary": {
    "per_particle_d1": {
      "beats_direct_count": 0,
      "beats_parent_count": 0,
      "maximum_efs_direct_ratio": 1.7424167617084474,
      "median_direct_relative_distance": 0.37246515913443207,
      "median_direct_set_rmse": 0.3409164068097629,
      "median_efs_direct_ratio": 1.7424167617084474,
      "median_generated_relative_distance": 0.6489895364282386,
      "median_generated_set_rmse": 0.5934923800660531,
      "median_relation_rmse": 1.18903994383027,
      "p90_efs_direct_ratio": 1.7424167617084474,
      "status": "no consistent target improvement",
      "targets": 1
    },
    "per_particle_du": {
      "beats_direct_count": 0,
      "beats_parent_count": 0,