{
  "algebra_self_check": {
    "data": {
      "lambda_max_abs_error": 0.0,
      "matching_rmse": 0.0,
      "p1_shared_control_max_abs_error": 0.0
    },
    "efs": {
      "center_force_norm": 9.321907481344796e-16,
      "field_max_abs_error": 2.220446049250313e-16,
      "gradient_directional_error": 2.0229817820904827e-10,
      "sparse_history_max_abs_error": 0.0
    },
    "evaluation": {
      "identical_plane_kl": 0.0
    }
  },
  "arrival_error": [
    0.5385399524820591,
    0.507231279614122,
    0.4124340822533121,
    0.4571027461009219
  ],
  "beta": 0.1,
  "created_utc": "2026-07-20T23:10:39.348939+00:00",
  "cross_frame_rmse": [
    0.6555486537353314,
    0.4553920394470244,
    0.504925715946868,
    0.38035903975888496
  ],
  "data_model": "independent_chaotic_particles_v1",
  "data_scale": 1.0,
  "dimension": 4,
  "epsilon": 0.01,
  "exponent_s": 3.0,
  "forward_steps_requested": 2000,
  "gamma": 0.001,
  "generation_forward_seconds": 2510.9680987999964,
  "generation_frame": "pass-2 terminal plane du with target absent",
  "generation_smoke": {
    "initial": {
      "angular_moment_error": 0.1081850840046533,
      "angular_resultant": 0.06866965947531421,
      "covariance_ratio": 0.6230180091812696,
      "expected_radius_cv": 0.20412414523193154,
      "finite": true,
      "fitted_ball_radius": 2.427041458938453,
      "mean_pair_distance": 2.5644917059663035,
      "mean_radius": 1.8067048957884473,
      "radial_cdf_gap": 0.24990934256360964,
      "radial_overflow": 0.148046875,
      "radial_zone_0": 0.2541015625,
      "radial_zone_1": 0.1044921875,
      "radial_zone_2": 0.1435546875,
      "radial_zone_3": 0.146875,
      "radial_zone_4": 0.0734375,
      "radial_zone_5": 0.041796875,
      "radial_zone_6": 0.0349609375,
      "radial_zone_7": 0.022265625,
      "radial_zone_8": 0.015625,
      "radial_zone_9": 0.01484375,
      "radius_cv": 0.4506260984549337,
      "radius_q05": 0.2573759812340465,
      "radius_q25": 0.5585170718540281,
      "radius_q50": 0.7393383480036275,
      "radius_q75": 0.865120659912414,
      "radius_q95": 1.367537356480794,
      "radius_ratio": 1.0,
      "rms_radius": 1.981671052993087
    },
    "terminal": {
      "angular_moment_error": 0.010134273010527576,
      "angular_resultant": 0.00021459166137675805,
      "covariance_ratio": 0.9280592136934955,
      "expected_radius_cv": 0.20412414523193154,
      "finite": true,
      "fitted_ball_radius": 1.076233044217671,
      "mean_pair_distance": 1.1870950073502753,
      "mean_radius": 0.8585016134818225,
      "radial_cdf_gap": 0.043164062500000044,
      "radial_overflow": 0.043359375,
      "radial_zone_0": 0.1125,
      "radial_zone_1": 0.107421875,
      "radial_zone_2": 0.1015625,
      "radial_zone_3": 0.095703125,
      "radial_zone_4": 0.0900390625,
      "radial_zone_5": 0.0755859375,
      "radial_zone_6": 0.0806640625,
      "radial_zone_7": 0.1037109375,
      "radial_zone_8": 0.113671875,
      "radial_zone_9": 0.07578125,
      "radius_cv": 0.2184155031282423,
      "radius_q05": 0.4549968974783074,
      "radius_q25": 0.6930293657222752,
      "radius_q50": 0.8373185859077477,
      "radius_q75": 0.940655518044231,
      "radius_q95": 0.995564806525682,
      "radius_ratio": 0.44343414087718014,
      "rms_radius": 0.8787406008851665
    }
  },
  "generation_smoke_failure_reasons": [],
  "generation_smoke_passed": true,
  "generation_source_count": 512,
  "generation_terminal_rmse": [
    0.6548412941733609,
    0.6188109703037022,
    0.5036275971042421,
    0.4314776911285254
  ],
  "initial_candidate_rmse": [
    0.4360420916852568,
    0.4553920394470244,
    0.33619819289324954,
    0.38035903975888496
  ],
  "lambda_fit_rmse": [
    0.4360420916852568,
    0.6193227094927405,
    0.33619819289324954,
    0.4328735682581137
  ],
  "lambda_iterations": 1000,
  "lambda_methods": [
    "shared_d1",
    "shared_du",
    "per_particle_d1",
    "per_particle_du"
  ],
  "lambda_sum_max_abs_error": 0.0,
  "loaded_parameter_config": {
    "beta": 0.1,
    "created_utc": "2026-07-17T20:07:10.212439+00:00",
    "data_model": "independent_chaotic_particles_v1",
    "epsilon": 0.01,
    "exponent_s": 3.0,
    "forward_id": "eps0.01_s3_g0.001_tau2",
    "forward_steps": 2000,
    "gamma": 0.001,
    "geometry_quality": "close to uniform",
    "max_replay_residual": 3.1581149886366156e-06,
    "minimum_covariance_ratio": 0.8208855241388922,
    "particles_per_source": 10,
    "proximal_steps": 50,
    "quick": false,
    "radius_ratio_max": 0.4529687649363836,
    "radius_ratio_min": 0.4401637521754117,
    "schema_version": 1,
    "search_directory": "E:\\Desktop\\AnewOmni\\4.5hypothesis\\results\\one_plane_search_20260717T183527_965392Z",
    "selected_by": "single-plane search.py",
    "selection_rule": "forward uniformity first; replay must pass maximum relative RMSE <= 0.10",
    "transport_time": 2.0,
    "uniformity_score": 0.061967944471633674,
    "vertex_particle_max_relative_rmse": 0.0016510179781244602,
    "vertex_particle_p95_relative_rmse": 0.0015410516052210732,
    "worst_angular_moment_error": 0.02340884877698828,
    "worst_angular_resultant": 0.00044784310403551833,
    "worst_radial_cdf_gap": 0.03811125259060988,
    "worst_radial_zone_rmse": 0.019449830293282767
  },
  "loaded_parameter_config_path": "E:\\Desktop\\AnewOmni\\4.5hypothesis\\experiments\\10_lambda_frame_particle_sweep\\best_config.json",
  "log_every": 25,
  "mean_pass1_to_pass2_kl": 0.00016832835265808308,
  "mean_pass2_to_pass1_kl": 0.0001683380823181662,
  "mean_retained_terminal_displacement": 0.0021192656783744985,
  "method_fit_summary": {
    "per_particle_d1": {
      "arrival_rmse": 0.4124340822533121,
      "cross_frame_rmse": 0.504925715946868,
      "fit_frame": "d1",
      "generation_terminal_rmse": 0.5036275971042421,
      "initial_candidate_rmse": 0.33619819289324954,
      "lambda_fit_rmse": 0.33619819289324954,
      "reference_terminal_rmse": 0.504925715946868,
      "terminal_to_arrival_amplification": 0.8189266923113934
    },
    "per_particle_du": {
      "arrival_rmse": 0.4571027461009219,
      "cross_frame_rmse": 0.38035903975888496,
      "fit_frame": "du",
      "generation_terminal_rmse": 0.4314776911285254,
      "initial_candidate_rmse": 0.38035903975888496,
      "lambda_fit_rmse": 0.4328735682581137,
      "reference_terminal_rmse": 0.4328735682581137,
      "terminal_to_arrival_amplification": 1.0593890611247465
    },
    "shared_d1": {
      "arrival_rmse": 0.5385399524820591,
      "cross_frame_rmse": 0.6555486537353314,
      "fit_frame": "d1",
      "generation_terminal_rmse": 0.6548412941733609,
      "initial_candidate_rmse": 0.4360420916852568,
      "lambda_fit_rmse": 0.4360420916852568,
      "reference_terminal_rmse": 0.6555486537353314,
      "terminal_to_arrival_amplification": 0.8223976668451937
    },
    "shared_du": {
      "arrival_rmse": 0.507231279614122,
      "cross_frame_rmse": 0.4553920394470244,
      "fit_frame": "du",
      "generation_terminal_rmse": 0.6188109703037022,
      "initial_candidate_rmse": 0.4553920394470244,
      "lambda_fit_rmse": 0.6193227094927405,
      "reference_terminal_rmse": 0.6193227094927405,
      "terminal_to_arrival_amplification": 0.8196869544267794
    }
  },
  "method_summary": {
    "per_particle_d1": {
      "beats_direct_count": 0,
      "beats_parent_count": 1,
      "maximum_efs_direct_ratio": 1.2348501287458251,
      "median_direct_relative_distance": 0.322915141635113,
      "median_direct_set_rmse": 0.33619819289324954,
      "median_efs_direct_ratio": 1.2348501287458251,
      "median_generated_relative_distance": 0.3987518042220956,
      "median_generated_set_rmse": 0.4124340822533121,
      "median_relation_rmse": 0.7017780142242798,
      "p90_efs_direct_ratio": 1.2348501287458251,
      "status": "no consistent target improvement",
      "targets": 1
    },
    "per_particle_du": {
      "beats_direct_count": 0,