{
  "algebra_self_check": {
    "data": {
      "lambda_max_abs_error": 0.0,
      "matching_rmse": 0.0,
      "p1_shared_control_max_abs_error": 0.0
    },
    "efs": {
      "center_force_norm": 9.321907481344796e-16,
      "field_max_abs_error": 2.220446049250313e-16,
      "gradient_directional_error": 2.0229817820904827e-10,
      "sparse_history_max_abs_error": 0.0
    },
    "evaluation": {
      "identical_plane_kl": 0.0
    }
  },
  "arrival_error": [
    0.5003988274074848,
    0.42170673073375814,
    0.44534484566377913,
    0.4685246227967999
  ],
  "beta": 0.1,
  "created_utc": "2026-07-20T20:14:22.799976+00:00",
  "cross_frame_rmse": [
    0.6016793975203569,
    0.4212802551117618,
    0.5107397938644186,
    0.37147983412577934
  ],
  "data_model": "independent_chaotic_particles_v1",
  "data_scale": 1.0,
  "dimension": 4,
  "epsilon": 0.01,
  "exponent_s": 3.0,
  "forward_steps_requested": 2000,
  "gamma": 0.001,
  "generation_forward_seconds": 382.2925256000017,
  "generation_frame": "pass-2 terminal plane du with target absent",
  "generation_smoke": {
    "initial": {
      "angular_moment_error": 0.26263201445176515,
      "angular_resultant": 0.07525052117554774,
      "covariance_ratio": 0.18459438768709965,
      "expected_radius_cv": 0.20412414523193154,
      "finite": true,
      "fitted_ball_radius": 2.3270605070679444,
      "mean_pair_distance": 2.465454055680539,
      "mean_radius": 1.7831031167267601,
      "radial_cdf_gap": 0.2751533036237059,
      "radial_overflow": 0.15185546875,
      "radial_zone_0": 0.2177734375,
      "radial_zone_1": 0.23779296875,
      "radial_zone_2": 0.11669921875,
      "radial_zone_3": 0.05908203125,
      "radial_zone_4": 0.048828125,
      "radial_zone_5": 0.05712890625,
      "radial_zone_6": 0.04296875,
      "radial_zone_7": 0.0322265625,
      "radial_zone_8": 0.015625,
      "radial_zone_9": 0.02001953125,
      "radius_cv": 0.3680465467350339,
      "radius_q05": 0.4566500137311476,
      "radius_q25": 0.575851475118894,
      "radius_q50": 0.6937572588732961,
      "radius_q75": 0.8915013586158141,
      "radius_q95": 1.3088487454221236,
      "radius_ratio": 1.0,
      "rms_radius": 1.900036947632917
    },
    "terminal": {
      "angular_moment_error": 0.0260465909999575,
      "angular_resultant": 0.00026340721928844765,
      "covariance_ratio": 0.8045667942146506,
      "expected_radius_cv": 0.20412414523193154,
      "finite": true,
      "fitted_ball_radius": 1.0693976100086278,
      "mean_pair_distance": 1.179980025549456,
      "mean_radius": 0.8535495854494943,
      "radial_cdf_gap": 0.04209458864699844,
      "radial_overflow": 0.03369140625,
      "radial_zone_0": 0.11767578125,
      "radial_zone_1": 0.09033203125,
      "radial_zone_2": 0.11376953125,
      "radial_zone_3": 0.09326171875,
      "radial_zone_4": 0.07080078125,
      "radial_zone_5": 0.07421875,
      "radial_zone_6": 0.10791015625,
      "radial_zone_7": 0.130859375,
      "radial_zone_8": 0.10888671875,
      "radial_zone_9": 0.05859375,
      "radius_cv": 0.215585027151342,
      "radius_q05": 0.46181879023280864,
      "radius_q25": 0.6936418625086784,
      "radius_q50": 0.8484169718924199,
      "radius_q75": 0.9359433938138014,
      "radius_q95": 0.9907555429530304,
      "radius_ratio": 0.4595486910463063,
      "rms_radius": 0.8731594922243263
    }
  },
  "generation_smoke_failure_reasons": [],
  "generation_smoke_passed": true,
  "generation_source_count": 512,
  "generation_terminal_rmse": [
    0.5997826365584008,
    0.5765057428370131,
    0.5061724912000926,
    0.4543147596337861
  ],
  "initial_candidate_rmse": [
    0.4008089457852649,
    0.4212802551117618,
    0.33993767912317746,
    0.37147983412577934
  ],
  "lambda_fit_rmse": [
    0.4008089457852649,
    0.5788659404038334,
    0.33993767912317746,
    0.4574714894563864
  ],
  "lambda_iterations": 1000,
  "lambda_methods": [
    "shared_d1",
    "shared_du",
    "per_particle_d1",
    "per_particle_du"
  ],
  "lambda_sum_max_abs_error": 0.0,
  "loaded_parameter_config": {
    "beta": 0.1,
    "created_utc": "2026-07-17T20:07:10.212439+00:00",
    "data_model": "independent_chaotic_particles_v1",
    "epsilon": 0.01,
    "exponent_s": 3.0,
    "forward_id": "eps0.01_s3_g0.001_tau2",
    "forward_steps": 2000,
    "gamma": 0.001,
    "geometry_quality": "close to uniform",
    "max_replay_residual": 3.1581149886366156e-06,
    "minimum_covariance_ratio": 0.8208855241388922,
    "particles_per_source": 10,
    "proximal_steps": 50,
    "quick": false,
    "radius_ratio_max": 0.4529687649363836,
    "radius_ratio_min": 0.4401637521754117,
    "schema_version": 1,
    "search_directory": "E:\\Desktop\\AnewOmni\\4.5hypothesis\\results\\one_plane_search_20260717T183527_965392Z",
    "selected_by": "single-plane search.py",
    "selection_rule": "forward uniformity first; replay must pass maximum relative RMSE <= 0.10",
    "transport_time": 2.0,
    "uniformity_score": 0.061967944471633674,
    "vertex_particle_max_relative_rmse": 0.0016510179781244602,
    "vertex_particle_p95_relative_rmse": 0.0015410516052210732,
    "worst_angular_moment_error": 0.02340884877698828,
    "worst_angular_resultant": 0.00044784310403551833,
    "worst_radial_cdf_gap": 0.03811125259060988,
    "worst_radial_zone_rmse": 0.019449830293282767
  },
  "loaded_parameter_config_path": "E:\\Desktop\\AnewOmni\\4.5hypothesis\\experiments\\10_lambda_frame_particle_sweep\\best_config.json",
  "log_every": 25,
  "mean_pass1_to_pass2_kl": 0.0007558949510295331,
  "mean_pass2_to_pass1_kl": 0.0007530442296313816,
  "mean_retained_terminal_displacement": 0.0035516588661933385,
  "method_fit_summary": {
    "per_particle_d1": {
      "arrival_rmse": 0.44534484566377913,
      "cross_frame_rmse": 0.5107397938644186,
      "fit_frame": "d1",
      "generation_terminal_rmse": 0.5061724912000926,
      "initial_candidate_rmse": 0.33993767912317746,
      "lambda_fit_rmse": 0.33993767912317746,
      "reference_terminal_rmse": 0.5107397938644186,
      "terminal_to_arrival_amplification": 0.8798282273457885
    },
    "per_particle_du": {
      "arrival_rmse": 0.4685246227967999,
      "cross_frame_rmse": 0.37147983412577934,
      "fit_frame": "du",
      "generation_terminal_rmse": 0.4543147596337861,
      "initial_candidate_rmse": 0.37147983412577934,
      "lambda_fit_rmse": 0.4574714894563864,
      "reference_terminal_rmse": 0.4574714894563864,
      "terminal_to_arrival_amplification": 1.031277573228015
    },
    "shared_d1": {
      "arrival_rmse": 0.5003988274074848,
      "cross_frame_rmse": 0.6016793975203569,
      "fit_frame": "d1",
      "generation_terminal_rmse": 0.5997826365584008,
      "initial_candidate_rmse": 0.4008089457852649,
      "lambda_fit_rmse": 0.4008089457852649,
      "reference_terminal_rmse": 0.6016793975203569,
      "terminal_to_arrival_amplification": 0.834300289649617
    },
    "shared_du": {
      "arrival_rmse": 0.42170673073375814,
      "cross_frame_rmse": 0.4212802551117618,
      "fit_frame": "du",
      "generation_terminal_rmse": 0.5765057428370131,
      "initial_candidate_rmse": 0.4212802551117618,
      "lambda_fit_rmse": 0.5788659404038334,
      "reference_terminal_rmse": 0.5788659404038334,
      "terminal_to_arrival_amplification": 0.7314874760111124
    }
  },
  "method_summary": {
    "per_particle_d1": {
      "beats_direct_count": 0,
      "beats_parent_count": 1,
      "maximum_efs_direct_ratio": 1.3147196574841118,
      "median_direct_relative_distance": 0.35742633231199045,
      "median_direct_set_rmse": 0.33993767912317746,
      "median_efs_direct_ratio": 1.3147196574841118,
      "median_generated_relative_distance": 0.46991542519302243,
      "median_generated_set_rmse": 0.44534484566377913,
      "median_relation_rmse": 0.8011913121131856,
      "p90_efs_direct_ratio": 1.3147196574841118,
      "status": "no consistent target improvement",
      "targets": 1
    },