{
  "algebra_self_check": {
    "data": {
      "lambda_max_abs_error": 0.0,
      "matching_rmse": 0.0,
      "p1_shared_control_max_abs_error": 0.0
    },
    "efs": {
      "center_force_norm": 9.321907481344796e-16,
      "field_max_abs_error": 2.220446049250313e-16,
      "gradient_directional_error": 2.0229817820904827e-10,
      "sparse_history_max_abs_error": 0.0
    },
    "evaluation": {
      "identical_plane_kl": 0.0
    }
  },
  "arrival_error": [
    0.4018612821535937,
    0.39540397995639054,
    0.29789511133176727,
    0.34619744463344454
  ],
  "beta": 0.1,
  "created_utc": "2026-07-20T23:03:00.499350+00:00",
  "cross_frame_rmse": [
    0.6209249282810186,
    0.38923702460892673,
    0.5302702138407162,
    0.3365352885108861
  ],
  "data_model": "independent_chaotic_particles_v1",
  "data_scale": 1.0,
  "dimension": 4,
  "epsilon": 0.01,
  "exponent_s": 3.0,
  "forward_steps_requested": 2000,
  "gamma": 0.001,
  "generation_forward_seconds": 2172.710899400001,
  "generation_frame": "pass-2 terminal plane du with target absent",
  "generation_smoke": {
    "initial": {
      "angular_moment_error": 0.10805937076545806,
      "angular_resultant": 0.06781208907453852,
      "covariance_ratio": 0.6070434289017698,
      "expected_radius_cv": 0.20412414523193154,
      "finite": true,
      "fitted_ball_radius": 2.420479404948653,
      "mean_pair_distance": 2.564263716436199,
      "mean_radius": 1.8093942009466448,
      "radial_cdf_gap": 0.23442318884390012,
      "radial_overflow": 0.1566840277777778,
      "radial_zone_0": 0.2476128472222222,
      "radial_zone_1": 0.11480034722222222,
      "radial_zone_2": 0.134765625,
      "radial_zone_3": 0.1365017361111111,
      "radial_zone_4": 0.07183159722222222,
      "radial_zone_5": 0.052300347222222224,
      "radial_zone_6": 0.029296875,
      "radial_zone_7": 0.023654513888888888,
      "radial_zone_8": 0.016276041666666668,
      "radial_zone_9": 0.016276041666666668,
      "radius_cv": 0.4393323234862347,
      "radius_q05": 0.263021156922993,
      "radius_q25": 0.5665408679278705,
      "radius_q50": 0.7416191164891242,
      "radius_q75": 0.8729506429359839,
      "radius_q95": 1.3372080571496874,
      "radius_ratio": 1.0,
      "rms_radius": 1.976313158346552
    },
    "terminal": {
      "angular_moment_error": 0.01077994099973095,
      "angular_resultant": 0.000128171969641125,
      "covariance_ratio": 0.9239345780370667,
      "expected_radius_cv": 0.20412414523193154,
      "finite": true,
      "fitted_ball_radius": 1.0755508929701576,
      "mean_pair_distance": 1.1863920885210621,
      "mean_radius": 0.85801512774102,
      "radial_cdf_gap": 0.04123263888888884,
      "radial_overflow": 0.041449652777777776,
      "radial_zone_0": 0.11436631944444445,
      "radial_zone_1": 0.103515625,
      "radial_zone_2": 0.1032986111111111,
      "radial_zone_3": 0.09700520833333333,
      "radial_zone_4": 0.08680555555555555,
      "radial_zone_5": 0.07508680555555555,
      "radial_zone_6": 0.08333333333333333,
      "radial_zone_7": 0.10611979166666667,
      "radial_zone_8": 0.11414930555555555,
      "radial_zone_9": 0.07486979166666667,
      "radius_cv": 0.21809291835854547,
      "radius_q05": 0.4544155137127188,
      "radius_q25": 0.6922653039514716,
      "radius_q50": 0.8377254090089891,
      "radius_q75": 0.9405514856021061,
      "radius_q95": 0.9947822500225133,
      "radius_ratio": 0.444354490590253,
      "rms_radius": 0.8781836267238962
    }
  },
  "generation_smoke_failure_reasons": [],
  "generation_smoke_passed": true,
  "generation_source_count": 512,
  "generation_terminal_rmse": [
    0.6202539054382952,
    0.6200721595570033,
    0.527434541955759,
    0.4585264201376163
  ],
  "initial_candidate_rmse": [
    0.3891570191275131,
    0.38923702460892673,
    0.2726294568128213,
    0.3365352885108861
  ],
  "lambda_fit_rmse": [
    0.38915701912751305,
    0.6207183103916694,
    0.2726294568128213,
    0.4599624339087765
  ],
  "lambda_iterations": 1000,
  "lambda_methods": [
    "shared_d1",
    "shared_du",
    "per_particle_d1",
    "per_particle_du"
  ],
  "lambda_sum_max_abs_error": 1.1102230246251565e-16,
  "loaded_parameter_config": {
    "beta": 0.1,
    "created_utc": "2026-07-17T20:07:10.212439+00:00",
    "data_model": "independent_chaotic_particles_v1",
    "epsilon": 0.01,
    "exponent_s": 3.0,
    "forward_id": "eps0.01_s3_g0.001_tau2",
    "forward_steps": 2000,
    "gamma": 0.001,
    "geometry_quality": "close to uniform",
    "max_replay_residual": 3.1581149886366156e-06,
    "minimum_covariance_ratio": 0.8208855241388922,
    "particles_per_source": 10,
    "proximal_steps": 50,
    "quick": false,
    "radius_ratio_max": 0.4529687649363836,
    "radius_ratio_min": 0.4401637521754117,
    "schema_version": 1,
    "search_directory": "E:\\Desktop\\AnewOmni\\4.5hypothesis\\results\\one_plane_search_20260717T183527_965392Z",
    "selected_by": "single-plane search.py",
    "selection_rule": "forward uniformity first; replay must pass maximum relative RMSE <= 0.10",
    "transport_time": 2.0,
    "uniformity_score": 0.061967944471633674,
    "vertex_particle_max_relative_rmse": 0.0016510179781244602,
    "vertex_particle_p95_relative_rmse": 0.0015410516052210732,
    "worst_angular_moment_error": 0.02340884877698828,
    "worst_angular_resultant": 0.00044784310403551833,
    "worst_radial_cdf_gap": 0.03811125259060988,
    "worst_radial_zone_rmse": 0.019449830293282767
  },
  "loaded_parameter_config_path": "E:\\Desktop\\AnewOmni\\4.5hypothesis\\experiments\\10_lambda_frame_particle_sweep\\best_config.json",
  "log_every": 25,
  "mean_pass1_to_pass2_kl": 0.0002642157587721202,
  "mean_pass2_to_pass1_kl": 0.00026451259686264867,
  "mean_retained_terminal_displacement": 0.002962059792419856,
  "method_fit_summary": {
    "per_particle_d1": {
      "arrival_rmse": 0.29789511133176727,
      "cross_frame_rmse": 0.5302702138407162,
      "fit_frame": "d1",
      "generation_terminal_rmse": 0.527434541955759,
      "initial_candidate_rmse": 0.2726294568128213,
      "lambda_fit_rmse": 0.2726294568128213,
      "reference_terminal_rmse": 0.5302702138407162,
      "terminal_to_arrival_amplification": 0.5648001555361813
    },
    "per_particle_du": {
      "arrival_rmse": 0.34619744463344454,
      "cross_frame_rmse": 0.3365352885108861,
      "fit_frame": "du",
      "generation_terminal_rmse": 0.4585264201376163,
      "initial_candidate_rmse": 0.3365352885108861,
      "lambda_fit_rmse": 0.4599624339087765,
      "reference_terminal_rmse": 0.4599624339087765,
      "terminal_to_arrival_amplification": 0.7550218033882131
    },
    "shared_d1": {
      "arrival_rmse": 0.4018612821535937,
      "cross_frame_rmse": 0.6209249282810186,
      "fit_frame": "d1",
      "generation_terminal_rmse": 0.6202539054382952,
      "initial_candidate_rmse": 0.3891570191275131,
      "lambda_fit_rmse": 0.38915701912751305,
      "reference_terminal_rmse": 0.6209249282810186,
      "terminal_to_arrival_amplification": 0.6478980279368384
    },
    "shared_du": {
      "arrival_rmse": 0.39540397995639054,
      "cross_frame_rmse": 0.38923702460892673,
      "fit_frame": "du",
      "generation_terminal_rmse": 0.6200721595570033,
      "initial_candidate_rmse": 0.38923702460892673,
      "lambda_fit_rmse": 0.6207183103916694,
      "reference_terminal_rmse": 0.6207183103916694,
      "terminal_to_arrival_amplification": 0.6376741381823658
    }
  },
  "method_summary": {
    "per_particle_d1": {
      "beats_direct_count": 0,
      "beats_parent_count": 1,
      "maximum_efs_direct_ratio": 1.0940796446226326,
      "median_direct_relative_distance": 0.318063747345093,
      "median_direct_set_rmse": 0.2726294568128213,
      "median_efs_direct_ratio": 1.0940796446226326,
      "median_generated_relative_distance": 0.3479870716626622,
      "median_generated_set_rmse": 0.29789511133176727,
      "median_relation_rmse": 0.18086391839847954,