{
  "algebra_self_check": {
    "data": {
      "lambda_max_abs_error": 0.0,
      "matching_rmse": 0.0,
      "p1_shared_control_max_abs_error": 0.0
    },
    "efs": {
      "center_force_norm": 9.321907481344796e-16,
      "field_max_abs_error": 2.220446049250313e-16,
      "gradient_directional_error": 2.0229817820904827e-10,
      "sparse_history_max_abs_error": 0.0
    },
    "evaluation": {
      "identical_plane_kl": 0.0
    }
  },
  "arrival_error": [
    0.6881485025972438,
    0.735024636017982,
    0.6193764980005144,
    1.0002538254017836
  ],
  "beta": 0.1,
  "created_utc": "2026-07-20T12:35:59.341382+00:00",
  "cross_frame_rmse": [
    0.8891149156887629,
    0.7185513488749534,
    0.6121324644271716,
    0.6746744498248335
  ],
  "data_model": "independent_chaotic_particles_v1",
  "data_scale": 1.0,
  "dimension": 4,
  "epsilon": 0.01,
  "exponent_s": 3.0,
  "forward_steps_requested": 2000,
  "gamma": 0.001,
  "generation_forward_seconds": 191.68913880000036,
  "generation_frame": "pass-2 terminal plane du with target absent",
  "generation_smoke": {
    "initial": {
      "angular_moment_error": 0.21263365855839622,
      "angular_resultant": 0.12666044259212292,
      "covariance_ratio": 0.27204371425449375,
      "expected_radius_cv": 0.20412414523193154,
      "finite": true,
      "fitted_ball_radius": 2.3318826919436866,
      "mean_pair_distance": 2.423984034021455,
      "mean_radius": 1.7043361651328457,
      "radial_cdf_gap": 0.33655455842614285,
      "radial_overflow": 0.22005208333333334,
      "radial_zone_0": 0.4114583333333333,
      "radial_zone_1": 0.11328125,
      "radial_zone_2": 0.048177083333333336,
      "radial_zone_3": 0.029296875,
      "radial_zone_4": 0.021484375,
      "radial_zone_5": 0.024739583333333332,
      "radial_zone_6": 0.024739583333333332,
      "radial_zone_7": 0.033854166666666664,
      "radial_zone_8": 0.0390625,
      "radial_zone_9": 0.033854166666666664,
      "radius_cv": 0.4979874272665162,
      "radius_q05": 0.30026436619572233,
      "radius_q25": 0.43748291980139886,
      "radius_q50": 0.6397626732043589,
      "radius_q75": 0.977387271111854,
      "radius_q95": 1.3937532206050072,
      "radius_ratio": 1.0,
      "rms_radius": 1.903974245096562
    },
    "terminal": {
      "angular_moment_error": 0.021773029912641673,
      "angular_resultant": 0.0007683128803257858,
      "covariance_ratio": 0.8404147753856753,
      "expected_radius_cv": 0.20412414523193154,
      "finite": true,
      "fitted_ball_radius": 1.0667972135847494,
      "mean_pair_distance": 1.1773731075689364,
      "mean_radius": 0.8516064580752908,
      "radial_cdf_gap": 0.03945580261857251,
      "radial_overflow": 0.032552083333333336,
      "radial_zone_0": 0.10807291666666667,
      "radial_zone_1": 0.11067708333333333,
      "radial_zone_2": 0.1015625,
      "radial_zone_3": 0.08072916666666667,
      "radial_zone_4": 0.08463541666666667,
      "radial_zone_5": 0.076171875,
      "radial_zone_6": 0.11783854166666667,
      "radial_zone_7": 0.123046875,
      "radial_zone_8": 0.107421875,
      "radial_zone_9": 0.057291666666666664,
      "radius_cv": 0.21482906772971333,
      "radius_q05": 0.4520244957388194,
      "radius_q25": 0.6958316565621738,
      "radius_q50": 0.8525435961294474,
      "radius_q75": 0.9324081025852559,
      "radius_q95": 0.9882437178499747,
      "radius_ratio": 0.45748322472240033,
      "rms_radius": 0.871036277435173
    }
  },
  "generation_smoke_failure_reasons": [],
  "generation_smoke_passed": true,
  "generation_source_count": 512,
  "generation_terminal_rmse": [
    0.8841209353383621,
    0.8160065502198517,
    0.5970740482945357,
    0.5369605770733508
  ],
  "initial_candidate_rmse": [
    0.6629370333978004,
    0.7185513488749534,
    0.5677962068868315,
    0.6746744498248335
  ],
  "lambda_fit_rmse": [
    0.6629370333978003,
    0.8291603407282734,
    0.5677962068868315,
    0.5502052526460403
  ],
  "lambda_iterations": 1000,
  "lambda_methods": [
    "shared_d1",
    "shared_du",
    "per_particle_d1",
    "per_particle_du"
  ],
  "lambda_sum_max_abs_error": 0.0,
  "loaded_parameter_config": {
    "beta": 0.1,
    "created_utc": "2026-07-17T20:07:10.212439+00:00",
    "data_model": "independent_chaotic_particles_v1",
    "epsilon": 0.01,
    "exponent_s": 3.0,
    "forward_id": "eps0.01_s3_g0.001_tau2",
    "forward_steps": 2000,
    "gamma": 0.001,
    "geometry_quality": "close to uniform",
    "max_replay_residual": 3.1581149886366156e-06,
    "minimum_covariance_ratio": 0.8208855241388922,
    "particles_per_source": 10,
    "proximal_steps": 50,
    "quick": false,
    "radius_ratio_max": 0.4529687649363836,
    "radius_ratio_min": 0.4401637521754117,
    "schema_version": 1,
    "search_directory": "E:\\Desktop\\AnewOmni\\4.5hypothesis\\results\\one_plane_search_20260717T183527_965392Z",
    "selected_by": "single-plane search.py",
    "selection_rule": "forward uniformity first; replay must pass maximum relative RMSE <= 0.10",
    "transport_time": 2.0,
    "uniformity_score": 0.061967944471633674,
    "vertex_particle_max_relative_rmse": 0.0016510179781244602,
    "vertex_particle_p95_relative_rmse": 0.0015410516052210732,
    "worst_angular_moment_error": 0.02340884877698828,
    "worst_angular_resultant": 0.00044784310403551833,
    "worst_radial_cdf_gap": 0.03811125259060988,
    "worst_radial_zone_rmse": 0.019449830293282767
  },
  "loaded_parameter_config_path": "E:\\Desktop\\AnewOmni\\4.5hypothesis\\experiments\\10_lambda_frame_particle_sweep\\best_config.json",
  "log_every": 100,
  "mean_pass1_to_pass2_kl": 0.0009695096324888068,
  "mean_pass2_to_pass1_kl": 0.000974932725712291,
  "mean_retained_terminal_displacement": 0.003317253765372374,
  "method_fit_summary": {
    "per_particle_d1": {
      "arrival_rmse": 0.6193764980005144,
      "cross_frame_rmse": 0.6121324644271716,
      "fit_frame": "d1",
      "generation_terminal_rmse": 0.5970740482945357,
      "initial_candidate_rmse": 0.5677962068868315,
      "lambda_fit_rmse": 0.5677962068868315,
      "reference_terminal_rmse": 0.6121324644271716,
      "terminal_to_arrival_amplification": 1.0373529041660456
    },
    "per_particle_du": {
      "arrival_rmse": 1.0002538254017836,
      "cross_frame_rmse": 0.6746744498248335,
      "fit_frame": "du",
      "generation_terminal_rmse": 0.5369605770733508,
      "initial_candidate_rmse": 0.6746744498248335,
      "lambda_fit_rmse": 0.5502052526460403,
      "reference_terminal_rmse": 0.5502052526460403,
      "terminal_to_arrival_amplification": 1.8628068206674795
    },
    "shared_d1": {
      "arrival_rmse": 0.6881485025972438,
      "cross_frame_rmse": 0.8891149156887629,
      "fit_frame": "d1",
      "generation_terminal_rmse": 0.8841209353383621,
      "initial_candidate_rmse": 0.6629370333978004,
      "lambda_fit_rmse": 0.6629370333978003,
      "reference_terminal_rmse": 0.8891149156887629,
      "terminal_to_arrival_amplification": 0.7783420515134418
    },
    "shared_du": {
      "arrival_rmse": 0.735024636017982,
      "cross_frame_rmse": 0.7185513488749534,
      "fit_frame": "du",
      "generation_terminal_rmse": 0.8160065502198517,
      "initial_candidate_rmse": 0.7185513488749534,
      "lambda_fit_rmse": 0.8291603407282734,
      "reference_terminal_rmse": 0.8291603407282735,
      "terminal_to_arrival_amplification": 0.9007582547222798
    }
  },
  "method_summary": {
    "per_particle_d1": {
      "beats_direct_count": 0,
      "beats_parent_count": 1,
      "maximum_efs_direct_ratio": 1.1015382468399761,
      "median_direct_relative_distance": 0.4002665148217048,
      "median_direct_set_rmse": 0.5677962068868315,
      "median_efs_direct_ratio": 1.1015382468399761,
      "median_generated_relative_distance": 0.440908875005448,
      "median_generated_set_rmse": 0.6193764980005144,
      "median_relation_rmse": 1.2978356962539204,
      "p90_efs_direct_ratio": 1.1015382468399761,