{
  "algebra_self_check": {
    "data": {
      "lambda_max_abs_error": 0.0,
      "matching_rmse": 0.0,
      "p1_shared_control_max_abs_error": 0.0
    },
    "efs": {
      "center_force_norm": 9.321907481344796e-16,
      "field_max_abs_error": 2.220446049250313e-16,
      "gradient_directional_error": 2.0229817820904827e-10,
      "sparse_history_max_abs_error": 0.0
    },
    "evaluation": {
      "identical_plane_kl": 0.0
    }
  },
  "arrival_error": [
    0.7323848481543126,
    0.7283216982699899,
    0.6355708616588085,
    0.7347539822771477
  ],
  "beta": 0.1,
  "created_utc": "2026-07-20T21:01:07.174675+00:00",
  "cross_frame_rmse": [
    0.6269367361680082,
    0.5783846888448079,
    0.5385716759046919,
    0.66845658450492
  ],
  "data_model": "independent_chaotic_particles_v1",
  "data_scale": 1.0,
  "dimension": 4,
  "epsilon": 0.01,
  "exponent_s": 3.0,
  "forward_steps_requested": 2000,
  "gamma": 0.001,
  "generation_forward_seconds": 463.3737011999983,
  "generation_frame": "pass-2 terminal plane du with target absent",
  "generation_smoke": {
    "initial": {
      "angular_moment_error": 0.10714437007732704,
      "angular_resultant": 0.06825595478501441,
      "covariance_ratio": 0.5894259217275228,
      "expected_radius_cv": 0.20412414523193154,
      "finite": true,
      "fitted_ball_radius": 2.397576786451288,
      "mean_pair_distance": 2.5400372303788226,
      "mean_radius": 1.7942295948987712,
      "radial_cdf_gap": 0.23510371568324367,
      "radial_overflow": 0.15234375,
      "radial_zone_0": 0.25,
      "radial_zone_1": 0.1015625,
      "radial_zone_2": 0.1318359375,
      "radial_zone_3": 0.14599609375,
      "radial_zone_4": 0.08447265625,
      "radial_zone_5": 0.04736328125,
      "radial_zone_6": 0.025390625,
      "radial_zone_7": 0.0234375,
      "radial_zone_8": 0.0234375,
      "radial_zone_9": 0.01416015625,
      "radius_cv": 0.4363636897408725,
      "radius_q05": 0.26796161032017546,
      "radius_q25": 0.5623435708778327,
      "radius_q50": 0.7473922356690246,
      "radius_q75": 0.869226597704697,
      "radius_q95": 1.3341713260378516,
      "radius_ratio": 1.0,
      "rms_radius": 1.9576132486491613
    },
    "terminal": {
      "angular_moment_error": 0.010578856594973906,
      "angular_resultant": 0.0002909554027279407,
      "covariance_ratio": 0.9196549326162711,
      "expected_radius_cv": 0.20412414523193154,
      "finite": true,
      "fitted_ball_radius": 1.0692093454463452,
      "mean_pair_distance": 1.179913577168812,
      "mean_radius": 0.8534018975492268,
      "radial_cdf_gap": 0.043682218156926966,
      "radial_overflow": 0.029296875,
      "radial_zone_0": 0.11376953125,
      "radial_zone_1": 0.0986328125,
      "radial_zone_2": 0.1083984375,
      "radial_zone_3": 0.091796875,
      "radial_zone_4": 0.076171875,
      "radial_zone_5": 0.07470703125,
      "radial_zone_6": 0.09521484375,
      "radial_zone_7": 0.13916015625,
      "radial_zone_8": 0.1123046875,
      "radial_zone_9": 0.060546875,
      "radius_cv": 0.2155703676336762,
      "radius_q05": 0.4626040967602777,
      "radius_q25": 0.6967832620894832,
      "radius_q50": 0.8466553097992773,
      "radius_q75": 0.9365083667960262,
      "radius_q95": 0.9891070755447077,
      "radius_ratio": 0.44595416150525385,
      "rms_radius": 0.8730057748529128
    }
  },
  "generation_smoke_failure_reasons": [],
  "generation_smoke_passed": true,
  "generation_source_count": 512,
  "generation_terminal_rmse": [
    0.6244331114646042,
    0.6199655280832105,
    0.5359354327817937,
    0.40162559155044497
  ],
  "initial_candidate_rmse": [
    0.5741128673958669,
    0.5783846888448079,
    0.4399412015172736,
    0.66845658450492
  ],
  "lambda_fit_rmse": [
    0.5741128673958668,
    0.6223444677128577,
    0.4399412015172736,
    0.4040518424923828
  ],
  "lambda_iterations": 1000,
  "lambda_methods": [
    "shared_d1",
    "shared_du",
    "per_particle_d1",
    "per_particle_du"
  ],
  "lambda_sum_max_abs_error": 0.0,
  "loaded_parameter_config": {
    "beta": 0.1,
    "created_utc": "2026-07-17T20:07:10.212439+00:00",
    "data_model": "independent_chaotic_particles_v1",
    "epsilon": 0.01,
    "exponent_s": 3.0,
    "forward_id": "eps0.01_s3_g0.001_tau2",
    "forward_steps": 2000,
    "gamma": 0.001,
    "geometry_quality": "close to uniform",
    "max_replay_residual": 3.1581149886366156e-06,
    "minimum_covariance_ratio": 0.8208855241388922,
    "particles_per_source": 10,
    "proximal_steps": 50,
    "quick": false,
    "radius_ratio_max": 0.4529687649363836,
    "radius_ratio_min": 0.4401637521754117,
    "schema_version": 1,
    "search_directory": "E:\\Desktop\\AnewOmni\\4.5hypothesis\\results\\one_plane_search_20260717T183527_965392Z",
    "selected_by": "single-plane search.py",
    "selection_rule": "forward uniformity first; replay must pass maximum relative RMSE <= 0.10",
    "transport_time": 2.0,
    "uniformity_score": 0.061967944471633674,
    "vertex_particle_max_relative_rmse": 0.0016510179781244602,
    "vertex_particle_p95_relative_rmse": 0.0015410516052210732,
    "worst_angular_moment_error": 0.02340884877698828,
    "worst_angular_resultant": 0.00044784310403551833,
    "worst_radial_cdf_gap": 0.03811125259060988,
    "worst_radial_zone_rmse": 0.019449830293282767
  },
  "loaded_parameter_config_path": "E:\\Desktop\\AnewOmni\\4.5hypothesis\\experiments\\10_lambda_frame_particle_sweep\\best_config.json",
  "log_every": 25,
  "mean_pass1_to_pass2_kl": 0.0006551182749639394,
  "mean_pass2_to_pass1_kl": 0.0006547952454575856,
  "mean_retained_terminal_displacement": 0.0033031708903949685,
  "method_fit_summary": {
    "per_particle_d1": {
      "arrival_rmse": 0.6355708616588085,
      "cross_frame_rmse": 0.5385716759046919,
      "fit_frame": "d1",
      "generation_terminal_rmse": 0.5359354327817937,
      "initial_candidate_rmse": 0.4399412015172736,
      "lambda_fit_rmse": 0.4399412015172736,
      "reference_terminal_rmse": 0.5385716759046919,
      "terminal_to_arrival_amplification": 1.1859093890468357
    },
    "per_particle_du": {
      "arrival_rmse": 0.7347539822771477,
      "cross_frame_rmse": 0.66845658450492,
      "fit_frame": "du",
      "generation_terminal_rmse": 0.40162559155044497,
      "initial_candidate_rmse": 0.66845658450492,
      "lambda_fit_rmse": 0.4040518424923828,
      "reference_terminal_rmse": 0.4040518424923828,
      "terminal_to_arrival_amplification": 1.8294501090946071
    },
    "shared_d1": {
      "arrival_rmse": 0.7323848481543126,
      "cross_frame_rmse": 0.6269367361680082,
      "fit_frame": "d1",
      "generation_terminal_rmse": 0.6244331114646042,
      "initial_candidate_rmse": 0.5741128673958669,
      "lambda_fit_rmse": 0.5741128673958668,
      "reference_terminal_rmse": 0.6269367361680082,
      "terminal_to_arrival_amplification": 1.17287958423042
    },
    "shared_du": {
      "arrival_rmse": 0.7283216982699899,
      "cross_frame_rmse": 0.5783846888448079,
      "fit_frame": "du",
      "generation_terminal_rmse": 0.6199655280832105,
      "initial_candidate_rmse": 0.5783846888448079,
      "lambda_fit_rmse": 0.6223444677128577,
      "reference_terminal_rmse": 0.6223444677128577,
      "terminal_to_arrival_amplification": 1.1747777340488457
    }
  },
  "method_summary": {
    "per_particle_d1": {
      "beats_direct_count": 0,
      "beats_parent_count": 1,
      "maximum_efs_direct_ratio": 1.455189171241261,
      "median_direct_relative_distance": 0.34577198011769156,
      "median_direct_set_rmse": 0.4399412015172736,
      "median_efs_direct_ratio": 1.455189171241261,
      "median_generated_relative_distance": 0.5031636411859134,
      "median_generated_set_rmse": 0.6355708616588085,
      "median_relation_rmse": 1.6011435388969526,
      "p90_efs_direct_ratio": 1.455189171241261,
      "status": "no consistent target improvement",
      "targets": 1
    },
    "per_particle_du": {
      "beats_direct_count": 0,