{
  "beta": 0.1,
  "created_utc": "2026-07-17T20:07:10.212439+00:00",
  "data_model": "independent_chaotic_particles_v1",
  "epsilon": 0.01,
  "exponent_s": 3.0,
  "forward_id": "eps0.01_s3_g0.001_tau2",
  "forward_steps": 2000,
  "gamma": 0.001,
  "geometry_quality": "close to uniform",
  "max_replay_residual": 3.1581149886366156e-06,
  "minimum_covariance_ratio": 0.8208855241388922,
  "particles_per_source": 10,
  "proximal_steps": 50,
  "quick": false,
  "radius_ratio_max": 0.4529687649363836,
  "radius_ratio_min": 0.4401637521754117,
  "schema_version": 1,
  "search_directory": "E:\\Desktop\\AnewOmni\\4.5hypothesis\\results\\one_plane_search_20260717T183527_965392Z",
  "selected_by": "single-plane search.py",
  "selection_rule": "forward uniformity first; replay must pass maximum relative RMSE <= 0.10",
  "transport_time": 2.0,
  "uniformity_score": 0.061967944471633674,
  "vertex_particle_max_relative_rmse": 0.0016510179781244602,
  "vertex_particle_p95_relative_rmse": 0.0015410516052210732,
  "worst_angular_moment_error": 0.02340884877698828,
  "worst_angular_resultant": 0.00044784310403551833,
  "worst_radial_cdf_gap": 0.03811125259060988,
  "worst_radial_zone_rmse": 0.019449830293282767
}
