{
  "algebra_self_check": {
    "data": {
      "lambda_max_abs_error": 0.0,
      "matching_rmse": 0.0,
      "p1_shared_control_max_abs_error": 0.0
    },
    "efs": {
      "center_force_norm": 9.321907481344796e-16,
      "field_max_abs_error": 2.220446049250313e-16,
      "gradient_directional_error": 2.0229817820904827e-10,
      "sparse_history_max_abs_error": 0.0
    },
    "evaluation": {
      "identical_plane_kl": 0.0
    }
  },
  "arrival_error": [
    0.4992349716033035,
    0.4367037981046227,
    0.40839323795121163,
    0.4258685543320896
  ],
  "beta": 0.1,
  "created_utc": "2026-07-20T22:49:27.674657+00:00",
  "cross_frame_rmse": [
    0.6681690577221027,
    0.3885446056624207,
    0.5976965125521052,
    0.36061683970936903
  ],
  "data_model": "independent_chaotic_particles_v1",
  "data_scale": 1.0,
  "dimension": 4,
  "epsilon": 0.01,
  "exponent_s": 3.0,
  "forward_steps_requested": 2000,
  "gamma": 0.001,
  "generation_forward_seconds": 1291.0820880000028,
  "generation_frame": "pass-2 terminal plane du with target absent",
  "generation_smoke": {
    "initial": {
      "angular_moment_error": 0.10257594788637855,
      "angular_resultant": 0.07056829929776863,
      "covariance_ratio": 0.6011685089168011,
      "expected_radius_cv": 0.20412414523193154,
      "finite": true,
      "fitted_ball_radius": 2.411872523323452,
      "mean_pair_distance": 2.5557121727430583,
      "mean_radius": 1.8025363894550257,
      "radial_cdf_gap": 0.2252139527165582,
      "radial_overflow": 0.16099330357142858,
      "radial_zone_0": 0.2513950892857143,
      "radial_zone_1": 0.10574776785714286,
      "radial_zone_2": 0.12806919642857142,
      "radial_zone_3": 0.13811383928571427,
      "radial_zone_4": 0.07756696428571429,
      "radial_zone_5": 0.05022321428571429,
      "radial_zone_6": 0.03125,
      "radial_zone_7": 0.024274553571428572,
      "radial_zone_8": 0.018694196428571428,
      "radial_zone_9": 0.013671875,
      "radius_cv": 0.43997048175495673,
      "radius_q05": 0.26236700801002705,
      "radius_q25": 0.5604208601264034,
      "radius_q50": 0.746054647523918,
      "radius_q75": 0.8780872856217726,
      "radius_q95": 1.3326524805029043,
      "radius_ratio": 1.0,
      "rms_radius": 1.9692856689271254
    },
    "terminal": {
      "angular_moment_error": 0.010420383470253994,
      "angular_resultant": 0.000146005995639297,
      "covariance_ratio": 0.9255038542389493,
      "expected_radius_cv": 0.20412414523193154,
      "finite": true,
      "fitted_ball_radius": 1.0738615194057546,
      "mean_pair_distance": 1.184658205194842,
      "mean_radius": 0.8567787243901618,
      "radial_cdf_gap": 0.03871347228695199,
      "radial_overflow": 0.037109375,
      "radial_zone_0": 0.11356026785714286,
      "radial_zone_1": 0.10267857142857142,
      "radial_zone_2": 0.103515625,
      "radial_zone_3": 0.09654017857142858,
      "radial_zone_4": 0.08314732142857142,
      "radial_zone_5": 0.07366071428571429,
      "radial_zone_6": 0.08984375,
      "radial_zone_7": 0.11216517857142858,
      "radial_zone_8": 0.1171875,
      "radial_zone_9": 0.07059151785714286,
      "radius_cv": 0.21746817180908068,
      "radius_q05": 0.4607366771047057,
      "radius_q25": 0.6909792185122773,
      "radius_q50": 0.8412161732583727,
      "radius_q75": 0.9393023149326363,
      "radius_q95": 0.9930489666844647,
      "radius_ratio": 0.44523975003704663,
      "rms_radius": 0.8768042589846515
    }
  },
  "generation_smoke_failure_reasons": [],
  "generation_smoke_passed": true,
  "generation_source_count": 512,
  "generation_terminal_rmse": [
    0.667429180485417,
    0.6530137942995504,
    0.5967241423595193,
    0.43479142767592877
  ],
  "initial_candidate_rmse": [
    0.3798525340670536,
    0.3885446056624207,
    0.3164202397273107,
    0.36061683970936903
  ],
  "lambda_fit_rmse": [
    0.37985253406705355,
    0.6537144564920565,
    0.3164202397273107,
    0.43587577799267685
  ],
  "lambda_iterations": 1000,
  "lambda_methods": [
    "shared_d1",
    "shared_du",
    "per_particle_d1",
    "per_particle_du"
  ],
  "lambda_sum_max_abs_error": 2.220446049250313e-16,
  "loaded_parameter_config": {
    "beta": 0.1,
    "created_utc": "2026-07-17T20:07:10.212439+00:00",
    "data_model": "independent_chaotic_particles_v1",
    "epsilon": 0.01,
    "exponent_s": 3.0,
    "forward_id": "eps0.01_s3_g0.001_tau2",
    "forward_steps": 2000,
    "gamma": 0.001,
    "geometry_quality": "close to uniform",
    "max_replay_residual": 3.1581149886366156e-06,
    "minimum_covariance_ratio": 0.8208855241388922,
    "particles_per_source": 10,
    "proximal_steps": 50,
    "quick": false,
    "radius_ratio_max": 0.4529687649363836,
    "radius_ratio_min": 0.4401637521754117,
    "schema_version": 1,
    "search_directory": "E:\\Desktop\\AnewOmni\\4.5hypothesis\\results\\one_plane_search_20260717T183527_965392Z",
    "selected_by": "single-plane search.py",
    "selection_rule": "forward uniformity first; replay must pass maximum relative RMSE <= 0.10",
    "transport_time": 2.0,
    "uniformity_score": 0.061967944471633674,
    "vertex_particle_max_relative_rmse": 0.0016510179781244602,
    "vertex_particle_p95_relative_rmse": 0.0015410516052210732,
    "worst_angular_moment_error": 0.02340884877698828,
    "worst_angular_resultant": 0.00044784310403551833,
    "worst_radial_cdf_gap": 0.03811125259060988,
    "worst_radial_zone_rmse": 0.019449830293282767
  },
  "loaded_parameter_config_path": "E:\\Desktop\\AnewOmni\\4.5hypothesis\\experiments\\10_lambda_frame_particle_sweep\\best_config.json",
  "log_every": 25,
  "mean_pass1_to_pass2_kl": 0.000399185410577557,
  "mean_pass2_to_pass1_kl": 0.00039848453265894706,
  "mean_retained_terminal_displacement": 0.0031380665538924763,
  "method_fit_summary": {
    "per_particle_d1": {
      "arrival_rmse": 0.40839323795121163,
      "cross_frame_rmse": 0.5976965125521052,
      "fit_frame": "d1",
      "generation_terminal_rmse": 0.5967241423595193,
      "initial_candidate_rmse": 0.3164202397273107,
      "lambda_fit_rmse": 0.3164202397273107,
      "reference_terminal_rmse": 0.5976965125521052,
      "terminal_to_arrival_amplification": 0.6843920146022171
    },
    "per_particle_du": {
      "arrival_rmse": 0.4258685543320896,
      "cross_frame_rmse": 0.36061683970936903,
      "fit_frame": "du",
      "generation_terminal_rmse": 0.43479142767592877,
      "initial_candidate_rmse": 0.36061683970936903,
      "lambda_fit_rmse": 0.43587577799267685,
      "reference_terminal_rmse": 0.43587577799267685,
      "terminal_to_arrival_amplification": 0.9794778075742334
    },
    "shared_d1": {
      "arrival_rmse": 0.4992349716033035,
      "cross_frame_rmse": 0.6681690577221027,
      "fit_frame": "d1",
      "generation_terminal_rmse": 0.667429180485417,
      "initial_candidate_rmse": 0.3798525340670536,
      "lambda_fit_rmse": 0.37985253406705355,
      "reference_terminal_rmse": 0.6681690577221027,
      "terminal_to_arrival_amplification": 0.7479969204226478
    },
    "shared_du": {
      "arrival_rmse": 0.4367037981046227,
      "cross_frame_rmse": 0.3885446056624207,
      "fit_frame": "du",
      "generation_terminal_rmse": 0.6530137942995504,
      "initial_candidate_rmse": 0.3885446056624207,
      "lambda_fit_rmse": 0.6537144564920565,
      "reference_terminal_rmse": 0.6537144564920565,
      "terminal_to_arrival_amplification": 0.6687512605657117
    }
  },
  "method_summary": {
    "per_particle_d1": {
      "beats_direct_count": 0,
      "beats_parent_count": 1,
      "maximum_efs_direct_ratio": 1.283479485547717,
      "median_direct_relative_distance": 0.3499763363377319,
      "median_direct_set_rmse": 0.3164202397273107,
      "median_efs_direct_ratio": 1.283479485547717,
      "median_generated_relative_distance": 0.4491874481166269,
      "median_generated_set_rmse": 0.40839323795121163,
      "median_relation_rmse": 0.5907736107007766,