{
  "algebra_self_check": {
    "data": {
      "lambda_max_abs_error": 0.0,
      "matching_rmse": 0.0,
      "p1_shared_control_max_abs_error": 0.0
    },
    "efs": {
      "center_force_norm": 9.321907481344796e-16,
      "field_max_abs_error": 2.220446049250313e-16,
      "gradient_directional_error": 2.0229817820904827e-10,
      "sparse_history_max_abs_error": 0.0
    },
    "evaluation": {
      "identical_plane_kl": 0.0
    }
  },
  "arrival_error": [
    0.23901537380651036,
    0.3167444816567065,
    0.17294477751412632,
    0.19056959571225765
  ],
  "beta": 0.1,
  "created_utc": "2026-07-20T20:18:00.643306+00:00",
  "cross_frame_rmse": [
    0.5129493638669603,
    0.3146946655655335,
    0.4081857487356936,
    0.25166721537077097
  ],
  "data_model": "independent_chaotic_particles_v1",
  "data_scale": 1.0,
  "dimension": 4,
  "epsilon": 0.01,
  "exponent_s": 3.0,
  "forward_steps_requested": 2000,
  "gamma": 0.001,
  "generation_forward_seconds": 567.6816986999984,
  "generation_frame": "pass-2 terminal plane du with target absent",
  "generation_smoke": {
    "initial": {
      "angular_moment_error": 0.25771986076409614,
      "angular_resultant": 0.08661113110550175,
      "covariance_ratio": 0.2063742800281065,
      "expected_radius_cv": 0.20412414523193154,
      "finite": true,
      "fitted_ball_radius": 2.3147357421594976,
      "mean_pair_distance": 2.4477335503387487,
      "mean_radius": 1.768119839944123,
      "radial_cdf_gap": 0.275390582572368,
      "radial_overflow": 0.15546875,
      "radial_zone_0": 0.23671875,
      "radial_zone_1": 0.22265625,
      "radial_zone_2": 0.11015625,
      "radial_zone_3": 0.066796875,
      "radial_zone_4": 0.054296875,
      "radial_zone_5": 0.04609375,
      "radial_zone_6": 0.0375,
      "radial_zone_7": 0.030859375,
      "radial_zone_8": 0.0234375,
      "radial_zone_9": 0.016015625,
      "radius_cv": 0.37760311735878205,
      "radius_q05": 0.45339466547364793,
      "radius_q25": 0.5675225366672559,
      "radius_q50": 0.6919235959331841,
      "radius_q75": 0.8912992955229244,
      "radius_q95": 1.3185862354194526,
      "radius_ratio": 1.0,
      "rms_radius": 1.8899738192244324
    },
    "terminal": {
      "angular_moment_error": 0.024650001251306567,
      "angular_resultant": 0.0003131125681692724,
      "covariance_ratio": 0.8167715765902137,
      "expected_radius_cv": 0.20412414523193154,
      "finite": true,
      "fitted_ball_radius": 1.0713001929866226,
      "mean_pair_distance": 1.1819301802895545,
      "mean_radius": 0.8549311932790712,
      "radial_cdf_gap": 0.04383143470829953,
      "radial_overflow": 0.031640625,
      "radial_zone_0": 0.1109375,
      "radial_zone_1": 0.107421875,
      "radial_zone_2": 0.0984375,
      "radial_zone_3": 0.094140625,
      "radial_zone_4": 0.083984375,
      "radial_zone_5": 0.075,
      "radial_zone_6": 0.0875,
      "radial_zone_7": 0.123828125,
      "radial_zone_8": 0.114453125,
      "radial_zone_9": 0.07265625,
      "radius_cv": 0.2163613022830895,
      "radius_q05": 0.4548967330082863,
      "radius_q25": 0.6928971670116152,
      "radius_q50": 0.8438224773871117,
      "radius_q75": 0.9385081236942837,
      "radius_q95": 0.9921992111866065,
      "radius_ratio": 0.4628174929321173,
      "rms_radius": 0.8747129447207905
    }
  },
  "generation_smoke_failure_reasons": [],
  "generation_smoke_passed": true,
  "generation_source_count": 512,
  "generation_terminal_rmse": [
    0.5135941724348537,
    0.4275646040871587,
    0.404800190314044,
    0.31756555536384673
  ],
  "initial_candidate_rmse": [
    0.25975054724619173,
    0.3146946655655335,
    0.16980314547040634,
    0.25166721537077097
  ],
  "lambda_fit_rmse": [
    0.2597505472461917,
    0.4289243916210734,
    0.16980314547040634,
    0.31969205907010395
  ],
  "lambda_iterations": 1000,
  "lambda_methods": [
    "shared_d1",
    "shared_du",
    "per_particle_d1",
    "per_particle_du"
  ],
  "lambda_sum_max_abs_error": 1.1102230246251565e-16,
  "loaded_parameter_config": {
    "beta": 0.1,
    "created_utc": "2026-07-17T20:07:10.212439+00:00",
    "data_model": "independent_chaotic_particles_v1",
    "epsilon": 0.01,
    "exponent_s": 3.0,
    "forward_id": "eps0.01_s3_g0.001_tau2",
    "forward_steps": 2000,
    "gamma": 0.001,
    "geometry_quality": "close to uniform",
    "max_replay_residual": 3.1581149886366156e-06,
    "minimum_covariance_ratio": 0.8208855241388922,
    "particles_per_source": 10,
    "proximal_steps": 50,
    "quick": false,
    "radius_ratio_max": 0.4529687649363836,
    "radius_ratio_min": 0.4401637521754117,
    "schema_version": 1,
    "search_directory": "E:\\Desktop\\AnewOmni\\4.5hypothesis\\results\\one_plane_search_20260717T183527_965392Z",
    "selected_by": "single-plane search.py",
    "selection_rule": "forward uniformity first; replay must pass maximum relative RMSE <= 0.10",
    "transport_time": 2.0,
    "uniformity_score": 0.061967944471633674,
    "vertex_particle_max_relative_rmse": 0.0016510179781244602,
    "vertex_particle_p95_relative_rmse": 0.0015410516052210732,
    "worst_angular_moment_error": 0.02340884877698828,
    "worst_angular_resultant": 0.00044784310403551833,
    "worst_radial_cdf_gap": 0.03811125259060988,
    "worst_radial_zone_rmse": 0.019449830293282767
  },
  "loaded_parameter_config_path": "E:\\Desktop\\AnewOmni\\4.5hypothesis\\experiments\\10_lambda_frame_particle_sweep\\best_config.json",
  "log_every": 25,
  "mean_pass1_to_pass2_kl": 0.0006334771401010511,
  "mean_pass2_to_pass1_kl": 0.0006305191195869051,
  "mean_retained_terminal_displacement": 0.0039390648495573775,
  "method_fit_summary": {
    "per_particle_d1": {
      "arrival_rmse": 0.17294477751412632,
      "cross_frame_rmse": 0.4081857487356936,
      "fit_frame": "d1",
      "generation_terminal_rmse": 0.404800190314044,
      "initial_candidate_rmse": 0.16980314547040634,
      "lambda_fit_rmse": 0.16980314547040634,
      "reference_terminal_rmse": 0.4081857487356936,
      "terminal_to_arrival_amplification": 0.4272349214558317
    },
    "per_particle_du": {
      "arrival_rmse": 0.19056959571225765,
      "cross_frame_rmse": 0.25166721537077097,
      "fit_frame": "du",
      "generation_terminal_rmse": 0.31756555536384673,
      "initial_candidate_rmse": 0.25166721537077097,
      "lambda_fit_rmse": 0.31969205907010395,
      "reference_terminal_rmse": 0.31969205907010395,
      "terminal_to_arrival_amplification": 0.6000952952656182
    },
    "shared_d1": {
      "arrival_rmse": 0.23901537380651036,
      "cross_frame_rmse": 0.5129493638669603,
      "fit_frame": "d1",
      "generation_terminal_rmse": 0.5135941724348537,
      "initial_candidate_rmse": 0.25975054724619173,
      "lambda_fit_rmse": 0.2597505472461917,
      "reference_terminal_rmse": 0.5129493638669603,
      "terminal_to_arrival_amplification": 0.4653778929643677
    },
    "shared_du": {
      "arrival_rmse": 0.3167444816567065,
      "cross_frame_rmse": 0.3146946655655335,
      "fit_frame": "du",
      "generation_terminal_rmse": 0.4275646040871587,
      "initial_candidate_rmse": 0.3146946655655335,
      "lambda_fit_rmse": 0.4289243916210734,
      "reference_terminal_rmse": 0.4289243916210734,
      "terminal_to_arrival_amplification": 0.7408108122816883
    }
  },
  "method_summary": {
    "per_particle_d1": {
      "beats_direct_count": 0,
      "beats_parent_count": 1,
      "maximum_efs_direct_ratio": 1.015297585530803,
      "median_direct_relative_distance": 0.3978589400556697,
      "median_direct_set_rmse": 0.16980314547040634,
      "median_efs_direct_ratio": 1.015297585530803,
      "median_generated_relative_distance": 0.40394522122036597,
      "median_generated_set_rmse": 0.17294477751412632,
      "median_relation_rmse": 0.12484188295890908,
      "p90_efs_direct_ratio": 1.015297585530803,
      "status": "no consistent target improvement",
      "targets": 1
    },