{
  "algebra_self_check": {
    "data": {
      "lambda_max_abs_error": 0.0,
      "matching_rmse": 0.0,
      "p1_shared_control_max_abs_error": 0.0
    },
    "efs": {
      "center_force_norm": 9.321907481344796e-16,
      "field_max_abs_error": 2.220446049250313e-16,
      "gradient_directional_error": 2.0229817820904827e-10,
      "sparse_history_max_abs_error": 0.0
    },
    "evaluation": {
      "identical_plane_kl": 0.0
    }
  },
  "arrival_error": [
    0.2963117842876555,
    0.309451579394629,
    0.2920806096864674,
    0.3216466887905768
  ],
  "beta": 0.1,
  "created_utc": "2026-07-20T20:11:38.654670+00:00",
  "cross_frame_rmse": [
    0.6492731829932653,
    0.24203151098895548,
    0.6308444417479426,
    0.19462620167175998
  ],
  "data_model": "independent_chaotic_particles_v1",
  "data_scale": 1.0,
  "dimension": 4,
  "epsilon": 0.01,
  "exponent_s": 3.0,
  "forward_steps_requested": 2000,
  "gamma": 0.001,
  "generation_forward_seconds": 238.36657930000365,
  "generation_frame": "pass-2 terminal plane du with target absent",
  "generation_smoke": {
    "initial": {
      "angular_moment_error": 0.25272965737283215,
      "angular_resultant": 0.08471743072880093,
      "covariance_ratio": 0.20644179859848874,
      "expected_radius_cv": 0.20412414523193154,
      "finite": true,
      "fitted_ball_radius": 2.3095065213941255,
      "mean_pair_distance": 2.4478110368420185,
      "mean_radius": 1.7703009363901498,
      "radial_cdf_gap": 0.26248701153531256,
      "radial_overflow": 0.150390625,
      "radial_zone_0": 0.22786458333333334,
      "radial_zone_1": 0.224609375,
      "radial_zone_2": 0.10611979166666667,
      "radial_zone_3": 0.076171875,
      "radial_zone_4": 0.048177083333333336,
      "radial_zone_5": 0.049479166666666664,
      "radial_zone_6": 0.044270833333333336,
      "radial_zone_7": 0.03125,
      "radial_zone_8": 0.020833333333333332,
      "radial_zone_9": 0.020833333333333332,
      "radius_cv": 0.3669148616532423,
      "radius_q05": 0.46155057165358265,
      "radius_q25": 0.5702261479482649,
      "radius_q50": 0.7007712709636666,
      "radius_q75": 0.8935529647776204,
      "radius_q95": 1.2786329076313172,
      "radius_ratio": 1.0,
      "rms_radius": 1.8857041783485897
    },
    "terminal": {
      "angular_moment_error": 0.02501762415130882,
      "angular_resultant": 0.0003597912027152435,
      "covariance_ratio": 0.8122696720468704,
      "expected_radius_cv": 0.20412414523193154,
      "finite": true,
      "fitted_ball_radius": 1.0662095289474256,
      "mean_pair_distance": 1.1767623679323056,
      "mean_radius": 0.8512399704746204,
      "radial_cdf_gap": 0.05018813870698202,
      "radial_overflow": 0.029296875,
      "radial_zone_0": 0.10807291666666667,
      "radial_zone_1": 0.10546875,
      "radial_zone_2": 0.10872395833333333,
      "radial_zone_3": 0.08203125,
      "radial_zone_4": 0.07877604166666667,
      "radial_zone_5": 0.07421875,
      "radial_zone_6": 0.11002604166666667,
      "radial_zone_7": 0.142578125,
      "radial_zone_8": 0.10611979166666667,
      "radial_zone_9": 0.0546875,
      "radius_cv": 0.21424106084467737,
      "radius_q05": 0.4657560509024047,
      "radius_q25": 0.6941426179408177,
      "radius_q50": 0.8513372618668491,
      "radius_q75": 0.9341365346264392,
      "radius_q95": 0.9884262105114788,
      "radius_ratio": 0.46166118998608063,
      "rms_radius": 0.8705564349381344
    }
  },
  "generation_smoke_failure_reasons": [],
  "generation_smoke_passed": true,
  "generation_source_count": 512,
  "generation_terminal_rmse": [
    0.6475515084345136,
    0.5070561317933056,
    0.6355570513312728,
    0.4676658794477883
  ],
  "initial_candidate_rmse": [
    0.20661063296356963,
    0.24203151098895548,
    0.12989541711182043,
    0.19462620167175998
  ],
  "lambda_fit_rmse": [
    0.20661063296356963,
    0.5094866723335942,
    0.12989541711182043,
    0.47174365839377325
  ],
  "lambda_iterations": 1000,
  "lambda_methods": [
    "shared_d1",
    "shared_du",
    "per_particle_d1",
    "per_particle_du"
  ],
  "lambda_sum_max_abs_error": 0.0,
  "loaded_parameter_config": {
    "beta": 0.1,
    "created_utc": "2026-07-17T20:07:10.212439+00:00",
    "data_model": "independent_chaotic_particles_v1",
    "epsilon": 0.01,
    "exponent_s": 3.0,
    "forward_id": "eps0.01_s3_g0.001_tau2",
    "forward_steps": 2000,
    "gamma": 0.001,
    "geometry_quality": "close to uniform",
    "max_replay_residual": 3.1581149886366156e-06,
    "minimum_covariance_ratio": 0.8208855241388922,
    "particles_per_source": 10,
    "proximal_steps": 50,
    "quick": false,
    "radius_ratio_max": 0.4529687649363836,
    "radius_ratio_min": 0.4401637521754117,
    "schema_version": 1,
    "search_directory": "E:\\Desktop\\AnewOmni\\4.5hypothesis\\results\\one_plane_search_20260717T183527_965392Z",
    "selected_by": "single-plane search.py",
    "selection_rule": "forward uniformity first; replay must pass maximum relative RMSE <= 0.10",
    "transport_time": 2.0,
    "uniformity_score": 0.061967944471633674,
    "vertex_particle_max_relative_rmse": 0.0016510179781244602,
    "vertex_particle_p95_relative_rmse": 0.0015410516052210732,
    "worst_angular_moment_error": 0.02340884877698828,
    "worst_angular_resultant": 0.00044784310403551833,
    "worst_radial_cdf_gap": 0.03811125259060988,
    "worst_radial_zone_rmse": 0.019449830293282767
  },
  "loaded_parameter_config_path": "E:\\Desktop\\AnewOmni\\4.5hypothesis\\experiments\\10_lambda_frame_particle_sweep\\best_config.json",
  "log_every": 25,
  "mean_pass1_to_pass2_kl": 0.0012260153813013087,
  "mean_pass2_to_pass1_kl": 0.001220588707396554,
  "mean_retained_terminal_displacement": 0.004378923706898727,
  "method_fit_summary": {
    "per_particle_d1": {
      "arrival_rmse": 0.2920806096864674,
      "cross_frame_rmse": 0.6308444417479426,
      "fit_frame": "d1",
      "generation_terminal_rmse": 0.6355570513312728,
      "initial_candidate_rmse": 0.12989541711182043,
      "lambda_fit_rmse": 0.12989541711182043,
      "reference_terminal_rmse": 0.6308444417479426,
      "terminal_to_arrival_amplification": 0.459566311277106
    },
    "per_particle_du": {
      "arrival_rmse": 0.3216466887905768,
      "cross_frame_rmse": 0.19462620167175998,
      "fit_frame": "du",
      "generation_terminal_rmse": 0.4676658794477883,
      "initial_candidate_rmse": 0.19462620167175998,
      "lambda_fit_rmse": 0.47174365839377325,
      "reference_terminal_rmse": 0.47174365839377325,
      "terminal_to_arrival_amplification": 0.6877702713107305
    },
    "shared_d1": {
      "arrival_rmse": 0.2963117842876555,
      "cross_frame_rmse": 0.6492731829932653,
      "fit_frame": "d1",
      "generation_terminal_rmse": 0.6475515084345136,
      "initial_candidate_rmse": 0.20661063296356963,
      "lambda_fit_rmse": 0.20661063296356963,
      "reference_terminal_rmse": 0.6492731829932653,
      "terminal_to_arrival_amplification": 0.45758797628933523
    },
    "shared_du": {
      "arrival_rmse": 0.309451579394629,
      "cross_frame_rmse": 0.24203151098895548,
      "fit_frame": "du",
      "generation_terminal_rmse": 0.5070561317933056,
      "initial_candidate_rmse": 0.24203151098895548,
      "lambda_fit_rmse": 0.5094866723335942,
      "reference_terminal_rmse": 0.5094866723335942,
      "terminal_to_arrival_amplification": 0.6102905772980035
    }
  },
  "method_summary": {
    "per_particle_d1": {
      "beats_direct_count": 0,
      "beats_parent_count": 1,
      "maximum_efs_direct_ratio": 2.2511371466568915,
      "median_direct_relative_distance": 0.16166492188503975,
      "median_direct_set_rmse": 0.12989541711182043,
      "median_efs_direct_ratio": 2.2511371466568915,
      "median_generated_relative_distance": 0.36392991096679767,
      "median_generated_set_rmse": 0.2920806096864674,
      "median_relation_rmse": 0.4286874470189078,
      "p90_efs_direct_ratio": 2.2511371466568915,