{
  "algebra_self_check": {
    "data": {
      "lambda_max_abs_error": 0.0,
      "matching_rmse": 0.0,
      "p1_shared_control_max_abs_error": 0.0
    },
    "efs": {
      "center_force_norm": 9.321907481344796e-16,
      "field_max_abs_error": 2.220446049250313e-16,
      "gradient_directional_error": 2.0229817820904827e-10,
      "sparse_history_max_abs_error": 0.0
    },
    "evaluation": {
      "identical_plane_kl": 0.0
    }
  },
  "arrival_error": [
    0.4063813731433631,
    0.4642731449197343,
    0.32396812962198546,
    0.32366114838683846
  ],
  "beta": 0.1,
  "created_utc": "2026-07-20T20:32:16.644253+00:00",
  "cross_frame_rmse": [
    0.6687633801541913,
    0.3896890826033316,
    0.6242403237407899,
    0.33441207655351424
  ],
  "data_model": "independent_chaotic_particles_v1",
  "data_scale": 1.0,
  "dimension": 4,
  "epsilon": 0.01,
  "exponent_s": 3.0,
  "forward_steps_requested": 2000,
  "gamma": 0.001,
  "generation_forward_seconds": 1079.140423500001,
  "generation_frame": "pass-2 terminal plane du with target absent",
  "generation_smoke": {
    "initial": {
      "angular_moment_error": 0.26126378478272766,
      "angular_resultant": 0.0794497641144568,
      "covariance_ratio": 0.20916401110285177,
      "expected_radius_cv": 0.20412414523193154,
      "finite": true,
      "fitted_ball_radius": 2.3356614424762503,
      "mean_pair_distance": 2.4657553546802653,
      "mean_radius": 1.7809622087266088,
      "radial_cdf_gap": 0.28084696267779324,
      "radial_overflow": 0.143798828125,
      "radial_zone_0": 0.238037109375,
      "radial_zone_1": 0.218505859375,
      "radial_zone_2": 0.116943359375,
      "radial_zone_3": 0.0712890625,
      "radial_zone_4": 0.0556640625,
      "radial_zone_5": 0.046875,
      "radial_zone_6": 0.044921875,
      "radial_zone_7": 0.029052734375,
      "radial_zone_8": 0.0185546875,
      "radial_zone_9": 0.016357421875,
      "radius_cv": 0.38290854230305055,
      "radius_q05": 0.45647826034769007,
      "radius_q25": 0.5671101536055683,
      "radius_q50": 0.6904306348941733,
      "radius_q75": 0.8822972298338341,
      "radius_q95": 1.3176039578914152,
      "radius_ratio": 1.0,
      "rms_radius": 1.9070595819865788
    },
    "terminal": {
      "angular_moment_error": 0.024200123343489872,
      "angular_resultant": 0.0002724959683077549,
      "covariance_ratio": 0.8176608355769988,
      "expected_radius_cv": 0.20412414523193154,
      "finite": true,
      "fitted_ball_radius": 1.074989922954487,
      "mean_pair_distance": 1.1857081245296435,
      "mean_radius": 0.8576064961932531,
      "radial_cdf_gap": 0.042724609375,
      "radial_overflow": 0.04296875,
      "radial_zone_0": 0.113525390625,
      "radial_zone_1": 0.103515625,
      "radial_zone_2": 0.105224609375,
      "radial_zone_3": 0.097412109375,
      "radial_zone_4": 0.082763671875,
      "radial_zone_5": 0.074951171875,
      "radial_zone_6": 0.087158203125,
      "radial_zone_7": 0.10693359375,
      "radial_zone_8": 0.11669921875,
      "radial_zone_9": 0.06884765625,
      "radius_cv": 0.21787505839790722,
      "radius_q05": 0.4536318564709944,
      "radius_q25": 0.6920951250496308,
      "radius_q50": 0.8401524753461895,
      "radius_q75": 0.9400508163596869,
      "radius_q95": 0.9956391894523098,
      "radius_ratio": 0.460250746707019,
      "rms_radius": 0.8777255966240983
    }
  },
  "generation_smoke_failure_reasons": [],
  "generation_smoke_passed": true,
  "generation_source_count": 512,
  "generation_terminal_rmse": [
    0.669591115442571,
    0.6260621758271578,
    0.6257851658309821,
    0.5001422816651202
  ],
  "initial_candidate_rmse": [
    0.3470175361001273,
    0.3896890826033316,
    0.25699453214198315,
    0.33441207655351424
  ],
  "lambda_fit_rmse": [
    0.3470175361001273,
    0.6247953987843448,
    0.25699453214198315,
    0.49935314068338166
  ],
  "lambda_iterations": 1000,
  "lambda_methods": [
    "shared_d1",
    "shared_du",
    "per_particle_d1",
    "per_particle_du"
  ],
  "lambda_sum_max_abs_error": 2.220446049250313e-16,
  "loaded_parameter_config": {
    "beta": 0.1,
    "created_utc": "2026-07-17T20:07:10.212439+00:00",
    "data_model": "independent_chaotic_particles_v1",
    "epsilon": 0.01,
    "exponent_s": 3.0,
    "forward_id": "eps0.01_s3_g0.001_tau2",
    "forward_steps": 2000,
    "gamma": 0.001,
    "geometry_quality": "close to uniform",
    "max_replay_residual": 3.1581149886366156e-06,
    "minimum_covariance_ratio": 0.8208855241388922,
    "particles_per_source": 10,
    "proximal_steps": 50,
    "quick": false,
    "radius_ratio_max": 0.4529687649363836,
    "radius_ratio_min": 0.4401637521754117,
    "schema_version": 1,
    "search_directory": "E:\\Desktop\\AnewOmni\\4.5hypothesis\\results\\one_plane_search_20260717T183527_965392Z",
    "selected_by": "single-plane search.py",
    "selection_rule": "forward uniformity first; replay must pass maximum relative RMSE <= 0.10",
    "transport_time": 2.0,
    "uniformity_score": 0.061967944471633674,
    "vertex_particle_max_relative_rmse": 0.0016510179781244602,
    "vertex_particle_p95_relative_rmse": 0.0015410516052210732,
    "worst_angular_moment_error": 0.02340884877698828,
    "worst_angular_resultant": 0.00044784310403551833,
    "worst_radial_cdf_gap": 0.03811125259060988,
    "worst_radial_zone_rmse": 0.019449830293282767
  },
  "loaded_parameter_config_path": "E:\\Desktop\\AnewOmni\\4.5hypothesis\\experiments\\10_lambda_frame_particle_sweep\\best_config.json",
  "log_every": 25,
  "mean_pass1_to_pass2_kl": 0.0004640333836458386,
  "mean_pass2_to_pass1_kl": 0.00046500748556654046,
  "mean_retained_terminal_displacement": 0.0033493171593081458,
  "method_fit_summary": {
    "per_particle_d1": {
      "arrival_rmse": 0.32396812962198546,
      "cross_frame_rmse": 0.6242403237407899,
      "fit_frame": "d1",
      "generation_terminal_rmse": 0.6257851658309821,
      "initial_candidate_rmse": 0.25699453214198315,
      "lambda_fit_rmse": 0.25699453214198315,
      "reference_terminal_rmse": 0.6242403237407899,
      "terminal_to_arrival_amplification": 0.5176986405418977
    },
    "per_particle_du": {
      "arrival_rmse": 0.32366114838683846,
      "cross_frame_rmse": 0.33441207655351424,
      "fit_frame": "du",
      "generation_terminal_rmse": 0.5001422816651202,
      "initial_candidate_rmse": 0.33441207655351424,
      "lambda_fit_rmse": 0.49935314068338166,
      "reference_terminal_rmse": 0.49935314068338166,
      "terminal_to_arrival_amplification": 0.6471381449880136
    },
    "shared_d1": {
      "arrival_rmse": 0.4063813731433631,
      "cross_frame_rmse": 0.6687633801541913,
      "fit_frame": "d1",
      "generation_terminal_rmse": 0.669591115442571,
      "initial_candidate_rmse": 0.3470175361001273,
      "lambda_fit_rmse": 0.3470175361001273,
      "reference_terminal_rmse": 0.6687633801541913,
      "terminal_to_arrival_amplification": 0.6069097450236663
    },
    "shared_du": {
      "arrival_rmse": 0.4642731449197343,
      "cross_frame_rmse": 0.3896890826033316,
      "fit_frame": "du",
      "generation_terminal_rmse": 0.6260621758271578,
      "initial_candidate_rmse": 0.3896890826033316,
      "lambda_fit_rmse": 0.6247953987843448,
      "reference_terminal_rmse": 0.6247953987843448,
      "terminal_to_arrival_amplification": 0.7415767360587362
    }
  },
  "method_summary": {
    "per_particle_d1": {
      "beats_direct_count": 0,
      "beats_parent_count": 1,
      "maximum_efs_direct_ratio": 1.2684441206291825,
      "median_direct_relative_distance": 0.30295837329005676,
      "median_direct_set_rmse": 0.25699453214198315,
      "median_efs_direct_ratio": 1.2684441206291825,
      "median_generated_relative_distance": 0.3842857673951537,
      "median_generated_set_rmse": 0.32396812962198546,
      "median_relation_rmse": 0.32115150381664886,
      "p90_efs_direct_ratio": 1.2684441206291825,
      "status": "no consistent target improvement",