{
  "actual_forward_steps": 2000,
  "backward_seconds": 3874.195863000001,
  "beta": 0.1,
  "center_std": 2.0,
  "classification": {
    "eligible_trials": 16,
    "independent_median_clean_relative_rmse": 0.4699717845671476,
    "independent_median_clean_rmse": 0.9852573306167572,
    "shared_median_clean_relative_rmse": 0.1599443895407644,
    "shared_median_clean_rmse": 0.33531030470520734,
    "shared_wins": 16,
    "status": "mixed"
  },
  "created_utc": "2026-07-17T01:20:41.910912+00:00",
  "dimension": 4,
  "epsilon": 0.03,
  "exponent_s": 3.0,
  "exponent_s_actual": 3.0,
  "forward_failure_reason": "",
  "forward_finite": true,
  "forward_seconds": 351.8347015000036,
  "forward_smoke_passed": true,
  "forward_smoke_reasons": [],
  "forward_steps": 2000,
  "gamma": 0.001,
  "layout": "single",
  "log_every": 0,
  "noise_std": 0.05,
  "operator_lambda_values": null,
  "output_root": "E:\\Desktop\\AnewOmni\\4.5hypothesis\\results\\h45_search_20260716T225729_891589Z\\final_runs",
  "particle_scale": 1.0,
  "particles_per_source": 8,
  "plane_particles": 2048,
  "proximal_steps": 100,
  "seed": 107,
  "selected_sources": 4,
  "shared_lambda": null,
  "smoke_metrics": {
    "initial": [
      {
        "angular_moment_error": 0.04937156292133739,
        "angular_resultant": 0.010242017647888459,
        "covariance_ratio": 0.7379248978528445,
        "expected_radius_cv": 0.20412414523193154,
        "finite": true,
        "mean_pair_distance": 5.578268449208378,
        "plane": 0,
        "radial_cdf_gap": 0.203125,
        "radial_overflow": 0.20361328125,
        "radial_zone_0": 0.22705078125,
        "radial_zone_1": 0.1484375,
        "radial_zone_2": 0.1083984375,
        "radial_zone_3": 0.08203125,
        "radial_zone_4": 0.05517578125,
        "radial_zone_5": 0.0537109375,
        "radial_zone_6": 0.0390625,
        "radial_zone_7": 0.03515625,
        "radial_zone_8": 0.0263671875,
        "radial_zone_9": 0.02099609375,
        "radius_cv": 0.3528864717904739,
        "radius_mean": 3.9516471021460533,
        "radius_q05_normalized": 0.3465680119937197,
        "radius_q25_normalized": 0.5753644567944268,
        "radius_q50_normalized": 0.7503022598485054,
        "radius_q75_normalized": 0.9505018917652717,
        "radius_q95_normalized": 1.2495399254655923,
        "radius_ratio": 1.0,
        "rms_radius": 4.190476954899006,
        "uniform_ball_radius": 5.132265159197201
      }
    ],
    "terminal": [
      {
        "angular_moment_error": 0.02295277346222518,
        "angular_resultant": 0.0017964159372519898,
        "covariance_ratio": 0.8521126275529497,
        "expected_radius_cv": 0.20412414523193154,
        "finite": true,
        "mean_pair_distance": 1.1762538815970727,
        "plane": 0,
        "radial_cdf_gap": 0.10009765625,
        "radial_overflow": 0.1005859375,
        "radial_zone_0": 0.1181640625,
        "radial_zone_1": 0.10595703125,
        "radial_zone_2": 0.10498046875,
        "radial_zone_3": 0.09814453125,
        "radial_zone_4": 0.1103515625,
        "radial_zone_5": 0.09326171875,
        "radial_zone_6": 0.07763671875,
        "radial_zone_7": 0.0791015625,
        "radial_zone_8": 0.06103515625,
        "radial_zone_9": 0.05078125,
        "radius_cv": 0.22628599588670895,
        "radius_mean": 0.8497394449780067,
        "radius_q05_normalized": 0.4560164913775635,
        "radius_q25_normalized": 0.6905917319135991,
        "radius_q50_normalized": 0.8279936783659454,
        "radius_q75_normalized": 0.9296974780546905,
        "radius_q95_normalized": 1.0366511405530154,
        "radius_ratio": 0.20790555997180848,
        "rms_radius": 0.8712234578572368,
        "uniform_ball_radius": 1.067026461846697
      }
    ]
  },
  "source_count": 256,
  "status": "mixed",
  "target_failure_reason": "",
  "target_seconds": 3510.8596289999987,
  "trial_count_actual": 16,
  "trials": 16,
  "vertex_failure_reason": "",
  "vertex_particle_max_relative_rmse": 0.0016560895491623,
  "vertex_particle_median_relative_rmse": 0.001367751819424003,
  "vertex_particle_p90_relative_rmse": 0.0016195471175193255,
  "vertex_particle_p95_relative_rmse": 0.0016368509733537702,
  "vertex_passed": true,
  "vertex_seconds": 363.33623400000215,
  "vertex_source_ids": [
    217,
    243,
    161,
    1
  ],
  "vertex_source_relative_rmse": [
    0.001344043760514766,
    0.001418571457609724,
    0.001243362273752477,
    0.0013513358907288426
  ],
  "vertex_sources": 4
}